STT,CSDL,Ten bang DL,Ten truong DL,Ten ky thuat,Mo ta / Y nghia,Kieu du lieu,Do dai toi da,Loai khoa,Bat buoc,Cho phep trung,Danh sach gia tri,Chua DLCN,Muc do nhay cam,Chia se API,Ghi chu / Can cu phap ly
,CSDL Danh mục dùng chung,dm_dia_ban_hanh_chinh,--- Bang: dm_dia_ban_hanh_chinh ---,,,,,,,,,,,,Nền tảng địa bàn dùng chung cho mọi báo cáo — mô hình chính quyền 2 cấp (xã/tỉnh). CHUẨN MÃ: Quyết định 19/2025/QĐ-TTg
1,CSDL Danh mục dùng chung,dm_dia_ban_hanh_chinh,Mã định danh,id,Khoá chính,Số,,PK,Có,Không,,Không,,Không,
2,CSDL Danh mục dùng chung,dm_dia_ban_hanh_chinh,Mã địa bàn,ma_dia_ban,Mã đơn vị hành chính (tỉnh 2 chữ số; xã 5 chữ số),Text,10,Không,Có,Không,Tỉnh: 01-99; Xã: 00001-99999,Không,,Không,"CHUẨN: Quyết định 19/2025/QĐ-TTg - Bảng danh mục và mã số các đơn vị hành chính Việt Nam (mô hình 2 cấp, hiệu lực 01/7/2025); Cục Thống kê (Bộ Tài chính) quản lý"
3,CSDL Danh mục dùng chung,dm_dia_ban_hanh_chinh,Tên địa bàn,ten_dia_ban,Tên xã/phường/đặc khu hoặc tỉnh/thành phố,Text,200,Không,Có,Không,,Không,,Không,"Theo QĐ 19/2025/QĐ-TTg (34 tỉnh, 3.321 xã)"
4,CSDL Danh mục dùng chung,dm_dia_ban_hanh_chinh,Cấp,cap,Cấp hành chính,Text,10,Không,Có,Không,xa; tinh,Không,,Không,
5,CSDL Danh mục dùng chung,dm_dia_ban_hanh_chinh,Địa bàn cha,dia_ban_cha_id,Tỉnh quản lý (nếu cấp = xã),Số,,FK,Có,Không,,Không,,Không,
,CSDL Danh mục dùng chung,dm_loai_don_vi,--- Bang: dm_loai_don_vi ---,,,,,,,,,,,,"Điều 10, 33, 40, 46, 47, 53, 54-64 TT15/2026/TT-BYT"
6,CSDL Danh mục dùng chung,dm_loai_don_vi,Mã định danh,id,Khoá chính,Số,,PK,Có,Không,,Không,,Không,
7,CSDL Danh mục dùng chung,dm_loai_don_vi,Mã loại đơn vị,ma_loai,"vd: tram_y_te_xa, cskcb, ttksbt_tinh...",Text,40,Không,Có,Không,,Không,,Không,
8,CSDL Danh mục dùng chung,dm_loai_don_vi,Tên loại đơn vị,ten_loai,Trạm Y tế xã/ CSKCB/ Cơ sở xét nghiệm/ TTKSBT tỉnh/ Trung tâm kiểm dịch y tế quốc tế/ Viện VSDT-Pasteur/ Viện Sốt rét-KST-Côn trùng/ Viện Dinh dưỡng/ Viện SKNN&MT/ Viện YTCC TP.HCM/ Bệnh viện TW/ Bệnh viện Phổi TW/ Cục Phòng bệnh/ Cục QL KCB/ Cơ sở giáo dục/ Cơ sở bảo trợ XH/ Tổ chức kiểm dịch y tế cửa khẩu,Text,200,Không,Có,Không,,Không,,Không,
,CSDL Danh mục dùng chung,dm_don_vi,--- Bang: dm_don_vi ---,,,,,,,,,,,,"Điều 10.3, Điều 54-64 TT15 — danh sách đơn vị tham gia hệ thống báo cáo"
9,CSDL Danh mục dùng chung,dm_don_vi,Mã định danh,id,Khoá chính,Số,,PK,Có,Không,,Không,,Không,
10,CSDL Danh mục dùng chung,dm_don_vi,Mã đơn vị,ma_don_vi,"Mã cơ sở khám bệnh, chữa bệnh/đơn vị y tế",Text,20,Không,Có,Không,,Không,,Không,CHUẨN: Mã cơ sở KCB do Bộ Y tế cấp (Quyết định 5937/QĐ-BYT ngày 30/12/2021 về mã cơ sở KCB dùng chung); đối với TYT xã/đơn vị khác dùng mã liên thông của Bộ Y tế
11,CSDL Danh mục dùng chung,dm_don_vi,Tên đơn vị,ten_don_vi,,Text,300,Không,Có,Không,,Không,,Không,
12,CSDL Danh mục dùng chung,dm_don_vi,Loại đơn vị,loai_don_vi_id,Tham chiếu dm_loai_don_vi,Số,,FK,Có,Không,,Không,,Không,
13,CSDL Danh mục dùng chung,dm_don_vi,Địa bàn quản lý,dia_ban_id,Xã/tỉnh phụ trách,Số,,FK,Có,Không,,Không,,Không,
14,CSDL Danh mục dùng chung,dm_don_vi,Đơn vị quản lý trực tiếp,don_vi_cha_id,Mô hình cây báo cáo theo cấp,Số,,FK,Có,Không,,Không,,Không,
15,CSDL Danh mục dùng chung,dm_don_vi,Địa chỉ,dia_chi,,Text,500,Không,Không,Không,,Không,,Không,
16,CSDL Danh mục dùng chung,dm_don_vi,Điện thoại,dien_thoai,,Text,20,Không,Không,Không,,Không,,Không,
17,CSDL Danh mục dùng chung,dm_don_vi,Email,email,,Text,100,Không,Không,Không,,Không,,Không,
18,CSDL Danh mục dùng chung,dm_don_vi,Trạng thái hoạt động,trang_thai_hoat_dong,,Bool,,Không,Có,Không,,Không,,Không,
,CSDL Danh mục dùng chung,dm_dia_ban_phu_trach,--- Bang: dm_dia_ban_phu_trach ---,,,,,,,,,,,,"Điều 10.3 (6 Viện VSDT/Pasteur/SR-KST-CT), Điều 46.2b (Viện Dinh dưỡng...), Điều 53.4 (Viện SKNN&MT...)"
19,CSDL Danh mục dùng chung,dm_dia_ban_phu_trach,Mã định danh,id,Khoá chính,Số,,PK,Có,Không,,Không,,Không,
20,CSDL Danh mục dùng chung,dm_dia_ban_phu_trach,Viện phụ trách,vien_id,Tham chiếu dm_don_vi,Số,,FK,Có,Không,,Không,,Không,
21,CSDL Danh mục dùng chung,dm_dia_ban_phu_trach,Tỉnh phụ trách,tinh_id,Tham chiếu dm_dia_ban_hanh_chinh,Số,,FK,Có,Không,,Không,,Không,
22,CSDL Danh mục dùng chung,dm_dia_ban_phu_trach,Lĩnh vực,linh_vuc,,Text,30,Không,Có,Không,benh_truyen_nhiem; khong_lay_nhiem; roi_loan_tam_than; dinh_duong; thuong_tich,Không,,Không,
,CSDL Danh mục dùng chung,dm_benh_truyen_nhiem,--- Bang: dm_benh_truyen_nhiem ---,,,,,,,,,,,,"Danh mục 01 - Phụ lục I QĐ97 (46 bệnh); Điều 14, 15, Phụ lục I TT15 (công thức phân loại)"
23,CSDL Danh mục dùng chung,dm_benh_truyen_nhiem,Mã định danh,id,Khoá chính,Số,,PK,Có,Không,,Không,,Không,
24,CSDL Danh mục dùng chung,dm_benh_truyen_nhiem,Mã bệnh,ma_benh,Mã nội bộ,Text,20,Không,Có,Không,,Không,,Không,
25,CSDL Danh mục dùng chung,dm_benh_truyen_nhiem,Tên bệnh,ten_benh,,Text,300,Không,Có,Không,46 bệnh theo Danh mục 01 - Phụ lục I QĐ97,Không,,Không,
26,CSDL Danh mục dùng chung,dm_benh_truyen_nhiem,Nhóm phân loại,nhom_phan_loai,Nhóm bệnh truyền nhiễm,Text,1,Không,Có,Không,A; B; C,Không,,Không,Điều 15 TT15
27,CSDL Danh mục dùng chung,dm_benh_truyen_nhiem,Kỳ hạn báo cáo,ky_han_bao_cao,Thời hạn báo cáo từng trường hợp bệnh,Text,10,Không,Có,Không,24h; 48h; tuan,Không,,Không,Danh mục 01 - Phụ lục I QĐ97
28,CSDL Danh mục dùng chung,dm_benh_truyen_nhiem,Điểm mức độ nghiêm trọng,diem_muc_do_nghiem_trong,Tiêu chí 1 (tỷ lệ chết/mắc),Số,,Không,Có,Không,1; 2; 3,Không,,Không,Phụ lục I TT15
29,CSDL Danh mục dùng chung,dm_benh_truyen_nhiem,Điểm khả năng lây lan,diem_kha_nang_lay_lan,"Tiêu chí 2 (đường lây, Ro)",Số,,Không,Có,Không,1; 2; 3,Không,,Không,Phụ lục I TT15
30,CSDL Danh mục dùng chung,dm_benh_truyen_nhiem,Điểm khả năng can thiệp,diem_can_thiep_vacxin_thuoc,Tiêu chí 3 (vắc xin/thuốc đặc hiệu),Số,,Không,Có,Không,1; 2; 3,Không,,Không,Phụ lục I TT15
31,CSDL Danh mục dùng chung,dm_benh_truyen_nhiem,Điểm mức độ lưu hành/tiềm năng dịch,diem_luu_hanh_tiem_nang_dich,Tiêu chí 4,Số,,Không,Có,Không,1; 2; 3,Không,,Không,Phụ lục I TT15
32,CSDL Danh mục dùng chung,dm_benh_truyen_nhiem,Tổng điểm,tong_diem,"Tính tự động = tổng 4 tiêu chí (4-12); A nếu ≥10, B nếu 7-9, C nếu <7",Số,,Không,Có,Không,,Không,,Không,"Điều 14, 15 TT15"
33,CSDL Danh mục dùng chung,dm_benh_truyen_nhiem,Lưu hành tại địa phương,luu_hanh_tai_dia_phuong,Dùng cho quy tắc xác định dịch,Bool,,Không,Không,Không,,Không,,Không,Điều 16.1.b/c TT15
34,CSDL Danh mục dùng chung,dm_benh_truyen_nhiem,Ghi chú,ghi_chu,,Text,500,Không,Không,Không,,Không,,Không,
,CSDL Danh mục dùng chung,dm_benh_truyen_nhiem_icd10,--- Bang: dm_benh_truyen_nhiem_icd10 ---,,,,,,,,,,,,Danh mục 01 - Phụ lục I QĐ97 (46 bệnh + mã ICD-10). CHUẨN MÃ: Thông tư 06/2026/TT-BYT (ICD-10)
35,CSDL Danh mục dùng chung,dm_benh_truyen_nhiem_icd10,Mã định danh,id,Khoá chính,Số,,PK,Có,Không,,Không,,Không,
36,CSDL Danh mục dùng chung,dm_benh_truyen_nhiem_icd10,Bệnh truyền nhiễm,benh_id,Tham chiếu dm_benh_truyen_nhiem,Số,,FK,Có,Không,,Không,,Không,
37,CSDL Danh mục dùng chung,dm_benh_truyen_nhiem_icd10,Mã ICD-10,ma_icd10,"Một bệnh có thể có nhiều mã ICD-10 (vd A80 bại liệt, A20 dịch hạch, J09 cúm A độc lực cao)",Text,10,Không,Có,Có,,Không,,Không,"CHUẨN: Mã bệnh theo ICD-10 - Thông tư 06/2026/TT-BYT ngày 02/4/2026 (mã hoá bệnh tật, nguyên nhân tử vong theo ICD-10 để liên thông dữ liệu). Danh mục 01 - Phụ lục I QĐ97"
,CSDL Danh mục dùng chung,dm_benh_khong_lay_nhiem,--- Bang: dm_benh_khong_lay_nhiem ---,,,,,,,,,,,,Mục I.1 - Phụ lục II QĐ97 (25 bệnh không lây nhiễm)
38,CSDL Danh mục dùng chung,dm_benh_khong_lay_nhiem,Mã định danh,id,Khoá chính,Số,,PK,Có,Không,,Không,,Không,
39,CSDL Danh mục dùng chung,dm_benh_khong_lay_nhiem,Mã bệnh,ma_benh,,Text,20,Không,Có,Không,,Không,,Không,
40,CSDL Danh mục dùng chung,dm_benh_khong_lay_nhiem,Tên bệnh,ten_benh,,Text,300,Không,Có,Không,6 bệnh phổ biến + 19 bệnh khác — Mục I.1 Phụ lục II QĐ97,Không,,Không,
41,CSDL Danh mục dùng chung,dm_benh_khong_lay_nhiem,Nhóm,nhom,,Text,20,Không,Có,Không,"pho_bien (THA, ĐTĐ, COPD, Hen phế quản, Ung thư, Bệnh mạch máu não); khac (19 bệnh)",Không,,Không,
42,CSDL Danh mục dùng chung,dm_benh_khong_lay_nhiem,Nhóm bệnh theo hệ cơ quan,nhom_theo_he_co_quan,"vd Bệnh hệ tuần hoàn, Bệnh hệ tiết niệu...",Text,100,Không,Không,Không,,Không,,Không,
43,CSDL Danh mục dùng chung,dm_benh_khong_lay_nhiem,Có sổ/báo cáo riêng,co_mau_so_rieng,"TRUE cho THA, ĐTĐ, COPD/Hen",Bool,,Không,Có,Không,,Không,,Không,
,CSDL Danh mục dùng chung,dm_benh_khong_lay_nhiem_icd10,--- Bang: dm_benh_khong_lay_nhiem_icd10 ---,,,,,,,,,,,,Mục I.1 - Phụ lục II QĐ97. CHUẨN MÃ: Thông tư 06/2026/TT-BYT (ICD-10)
44,CSDL Danh mục dùng chung,dm_benh_khong_lay_nhiem_icd10,Mã định danh,id,Khoá chính,Số,,PK,Có,Không,,Không,,Không,
45,CSDL Danh mục dùng chung,dm_benh_khong_lay_nhiem_icd10,Bệnh không lây nhiễm,benh_id,Tham chiếu dm_benh_khong_lay_nhiem,Số,,FK,Có,Không,,Không,,Không,
46,CSDL Danh mục dùng chung,dm_benh_khong_lay_nhiem_icd10,Mã ICD-10 từ,ma_icd10_tu,,Text,10,Không,Có,Không,,Không,,Không,CHUẨN: ICD-10 theo TT 06/2026/TT-BYT
47,CSDL Danh mục dùng chung,dm_benh_khong_lay_nhiem_icd10,Mã ICD-10 đến,ma_icd10_den,"Hỗ trợ khoảng mã, vd I10-I15 (THA), E10-E14 (ĐTĐ)",Text,10,Không,Không,Không,,Không,,Không,
,CSDL Danh mục dùng chung,dm_roi_loan_tam_than,--- Bang: dm_roi_loan_tam_than ---,,,,,,,,,,,,Mục I.2 - Phụ lục II QĐ97 (14 rối loạn tâm thần)
48,CSDL Danh mục dùng chung,dm_roi_loan_tam_than,Mã định danh,id,Khoá chính,Số,,PK,Có,Không,,Không,,Không,
49,CSDL Danh mục dùng chung,dm_roi_loan_tam_than,Mã bệnh,ma_benh,,Text,20,Không,Có,Không,,Không,,Không,
50,CSDL Danh mục dùng chung,dm_roi_loan_tam_than,Tên bệnh,ten_benh,,Text,300,Không,Có,Không,3 rối loạn phổ biến + 11 rối loạn khác — Mục I.2 Phụ lục II QĐ97,Không,,Không,
51,CSDL Danh mục dùng chung,dm_roi_loan_tam_than,Nhóm,nhom,,Text,20,Không,Có,Không,"pho_bien (Tâm thần phân liệt F20, Rối loạn trầm cảm F32-33, Sa sút trí tuệ F00-03); khac (11 nhóm F04-F99)",Không,,Không,
,CSDL Danh mục dùng chung,dm_roi_loan_tam_than_icd10,--- Bang: dm_roi_loan_tam_than_icd10 ---,,,,,,,,,,,,"Mục I.2 - Phụ lục II QĐ97. CHUẨN MÃ: Thông tư 06/2026/TT-BYT (ICD-10, chương F)"
52,CSDL Danh mục dùng chung,dm_roi_loan_tam_than_icd10,Mã định danh,id,Khoá chính,Số,,PK,Có,Không,,Không,,Không,
53,CSDL Danh mục dùng chung,dm_roi_loan_tam_than_icd10,Rối loạn tâm thần,rltt_id,Tham chiếu dm_roi_loan_tam_than,Số,,FK,Có,Không,,Không,,Không,
54,CSDL Danh mục dùng chung,dm_roi_loan_tam_than_icd10,Mã ICD-10 từ,ma_icd10_tu,,Text,10,Không,Có,Không,,Không,,Không,CHUẨN: ICD-10 theo TT 06/2026/TT-BYT (mã F00-F99)
55,CSDL Danh mục dùng chung,dm_roi_loan_tam_than_icd10,Mã ICD-10 đến,ma_icd10_den,"vd F20 (TTPL), F32-F33 (trầm cảm)",Text,10,Không,Không,Không,,Không,,Không,
,CSDL Danh mục dùng chung,dm_nguyen_nhan_thuong_tich,--- Bang: dm_nguyen_nhan_thuong_tich ---,,,,,,,,,,,,"Cột 12 Mẫu 01/02 - Phụ lục IV QĐ97; mã ICD-10 tại Mẫu 08-13 PL IV. CHUẨN MÃ: ICD-10 chương XX (nguyên nhân ngoại sinh V01-Y98), TT 06/2026/TT-BYT"
56,CSDL Danh mục dùng chung,dm_nguyen_nhan_thuong_tich,Mã định danh,id,Khoá chính,Số,,PK,Có,Không,,Không,,Không,
57,CSDL Danh mục dùng chung,dm_nguyen_nhan_thuong_tich,Mã nguyên nhân,ma,1-13,Số,,Không,Có,Không,,Không,,Không,
58,CSDL Danh mục dùng chung,dm_nguyen_nhan_thuong_tich,Tên nguyên nhân,ten_nguyen_nhan,,Text,200,Không,Có,Không,1 Tai nạn giao thông; 2 Tai nạn lao động; 3 Đuối nước; 4 Ngã; 5 Bỏng; 6 Hóc sặc dị vật; 7 Ngộ độc; 8 Bạo lực; 9 Tự tử; 10 Súc vật/động vật cắn đốt tấn công; 11 Điện giật; 12 Thương tích do thiên tai; 13 Không rõ nguyên nhân,Không,,Không,
59,CSDL Danh mục dùng chung,dm_nguyen_nhan_thuong_tich,Mã ICD-10 từ,ma_icd10_tu,"vd V01, W20, W65...",Text,10,Không,Không,Không,,Không,,Không,CHUẨN: ICD-10 chương XX - Nguyên nhân ngoại sinh (V01-Y98) theo TT 06/2026/TT-BYT; khớp đúng mã tại Mẫu 08 PL IV QĐ97
60,CSDL Danh mục dùng chung,dm_nguyen_nhan_thuong_tich,Mã ICD-10 đến,ma_icd10_den,"vd V99, W49, W74...",Text,10,Không,Không,Không,,Không,,Không,
,CSDL Danh mục dùng chung,dm_nghe_nghiep,--- Bang: dm_nghe_nghiep ---,,,,,,,,,,,,Cột 7 Mẫu 01 - Phụ lục IV QĐ97 (8 nhóm nghề nghiệp chuẩn cho giám sát thương tích)
61,CSDL Danh mục dùng chung,dm_nghe_nghiep,Mã định danh,id,Khoá chính,Số,,PK,Có,Không,,Không,,Không,
62,CSDL Danh mục dùng chung,dm_nghe_nghiep,Tên nghề nghiệp,ten_nghe_nghiep,8 nhóm theo mẫu giám sát thương tích,Text,100,Không,Có,Không,"Cán bộ công chức; Nông dân; Bộ đội, công an; Trẻ em (0-4 tuổi); Học sinh, sinh viên; Công nhân, thợ thủ công; Lao động tự do, buôn bán; Nghề khác",Không,,Không,CHUẨN: 8 nhóm nghề chuyên biệt cho giám sát thương tích - Cột 7 Mẫu 01/02 PL IV QĐ97 (không dùng Danh mục nghề nghiệp chi tiết theo QĐ 34/2020/QĐ-TTg vì mẫu báo cáo QĐ97 phân tổ theo 8 nhóm này)
,CSDL Danh mục dùng chung,dm_dan_toc,--- Bang: dm_dan_toc ---,,,,,,,,,,,,"[Đề xuất kỹ thuật] Cột 6 Mẫu 01 - Phụ lục III QĐ97. CHUẨN MÃ: QĐ 4210/QĐ-BYT (bảng DANTOC), 54 dân tộc theo Tổng cục Thống kê"
63,CSDL Danh mục dùng chung,dm_dan_toc,Mã định danh,id,Khoá chính,Số,,PK,Có,Không,,Không,,Không,
64,CSDL Danh mục dùng chung,dm_dan_toc,Mã dân tộc,ma_dan_toc,Mã 2 chữ số theo danh mục 54 dân tộc (vd 01=Kinh),Text,2,Không,Có,Không,,Không,,Không,CHUẨN: Quyết định 4210/QĐ-BYT (bảng DANTOC) / Danh mục thành phần dân tộc Việt Nam - Tổng cục Thống kê
65,CSDL Danh mục dùng chung,dm_dan_toc,Tên dân tộc,ten_dan_toc,Danh mục 54 dân tộc Việt Nam,Text,50,Không,Có,Không,,Không,,Không,
,CSDL Danh mục dùng chung,dm_dia_diem_xay_ra_thuong_tich,--- Bang: dm_dia_diem_xay_ra_thuong_tich ---,,,,,,,,,,,,Cột 10 Mẫu 01/02 - Phụ lục IV QĐ97
66,CSDL Danh mục dùng chung,dm_dia_diem_xay_ra_thuong_tich,Mã định danh,id,Khoá chính,Số,,PK,Có,Không,,Không,,Không,
67,CSDL Danh mục dùng chung,dm_dia_diem_xay_ra_thuong_tich,Tên địa điểm,ten_dia_diem,,Text,100,Không,Có,Không,Hộ gia đình; Cơ sở giáo dục; Khu vực công cộng,Không,,Không,
,CSDL Danh mục dùng chung,dm_bo_phan_bi_thuong,--- Bang: dm_bo_phan_bi_thuong ---,,,,,,,,,,,,Cột 11 Mẫu 01/02 - Phụ lục IV QĐ97
68,CSDL Danh mục dùng chung,dm_bo_phan_bi_thuong,Mã định danh,id,Khoá chính,Số,,PK,Có,Không,,Không,,Không,
69,CSDL Danh mục dùng chung,dm_bo_phan_bi_thuong,Tên bộ phận,ten_bo_phan,,Text,50,Không,Có,Không,"Đầu, mặt, cổ; Thân mình; Chi; Đa chấn thương; Khác",Không,,Không,
,CSDL Danh mục dùng chung,dm_muc_do_thuong_tich,--- Bang: dm_muc_do_thuong_tich ---,,,,,,,,,,,,Cột 13 Mẫu 01 - Phụ lục IV QĐ97
70,CSDL Danh mục dùng chung,dm_muc_do_thuong_tich,Mã định danh,id,Khoá chính,Số,,PK,Có,Không,,Không,,Không,
71,CSDL Danh mục dùng chung,dm_muc_do_thuong_tich,Tên mức độ,ten_muc_do,,Text,30,Không,Có,Không,Nhẹ; Trung bình; Nặng,Không,,Không,
72,CSDL Danh mục dùng chung,dm_muc_do_thuong_tich,Định nghĩa,dinh_nghia,Mô tả chi tiết tiêu chí xác định mức độ,Text,500,Không,Có,Không,,Không,,Không,
,CSDL Danh mục dùng chung,dm_yeu_to_nguy_co_thuong_tich_mau,--- Bang: dm_yeu_to_nguy_co_thuong_tich_mau ---,,,,,,,,,,,,"Mẫu 06 (cộng đồng), Mẫu 07 (cơ sở giáo dục) - Phụ lục IV QĐ97 — dùng làm gợi ý nhập liệu"
73,CSDL Danh mục dùng chung,dm_yeu_to_nguy_co_thuong_tich_mau,Mã định danh,id,Khoá chính,Số,,PK,Có,Không,,Không,,Không,
74,CSDL Danh mục dùng chung,dm_yeu_to_nguy_co_thuong_tich_mau,Loại thương tích,loai_thuong_tich_id,Tham chiếu dm_nguyen_nhan_thuong_tich,Số,,FK,Có,Không,,Không,,Không,
75,CSDL Danh mục dùng chung,dm_yeu_to_nguy_co_thuong_tich_mau,Nhóm yếu tố,nhom_yeu_to,,Text,20,Không,Có,Không,moi_truong; hanh_vi; khac,Không,,Không,
76,CSDL Danh mục dùng chung,dm_yeu_to_nguy_co_thuong_tich_mau,Nội dung yếu tố nguy cơ,noi_dung,"Danh mục gợi ý, không phải bảng giao dịch",Text,1000,Không,Có,Không,,Không,,Không,
,CSDL Danh mục dùng chung,dm_muc_do_nguy_co_dot_xuat,--- Bang: dm_muc_do_nguy_co_dot_xuat ---,,,,,,,,,,,,Điều 21.2 TT15
77,CSDL Danh mục dùng chung,dm_muc_do_nguy_co_dot_xuat,Mã định danh,id,Khoá chính,Số,,PK,Có,Không,,Không,,Không,
78,CSDL Danh mục dùng chung,dm_muc_do_nguy_co_dot_xuat,Tên mức độ,ten_muc_do,,Text,20,Không,Có,Không,Thấp; Trung bình; Cao; Rất cao,Không,,Không,
,CSDL Danh mục dùng chung,dm_cap_do_phong_thu_dan_su,--- Bang: dm_cap_do_phong_thu_dan_su ---,,,,,,,,,,,,Điều 17-20 TT15
79,CSDL Danh mục dùng chung,dm_cap_do_phong_thu_dan_su,Mã định danh,id,Khoá chính,Số,,PK,Có,Không,,Không,,Không,
80,CSDL Danh mục dùng chung,dm_cap_do_phong_thu_dan_su,Tên cấp độ,ten_cap_do,,Text,20,Không,Có,Không,Cấp 1; Cấp 2; Cấp 3; Tình trạng khẩn cấp,Không,,Không,
,CSDL Danh mục dùng chung,dm_loai_hinh_giam_sat,--- Bang: dm_loai_hinh_giam_sat ---,,,,,,,,,,,,Điều 6 TT15
81,CSDL Danh mục dùng chung,dm_loai_hinh_giam_sat,Mã định danh,id,Khoá chính,Số,,PK,Có,Không,,Không,,Không,
82,CSDL Danh mục dùng chung,dm_loai_hinh_giam_sat,Tên loại hình,ten_loai_hinh,,Text,50,Không,Có,Không,Dựa vào chỉ số; Trọng điểm; Dựa vào sự kiện,Không,,Không,
,CSDL Danh mục dùng chung,dm_ky_bao_cao,--- Bang: dm_ky_bao_cao ---,,,,,,,,,,,,"Điều 32, 39 TT15 và các điều kỳ báo cáo khác"
83,CSDL Danh mục dùng chung,dm_ky_bao_cao,Mã định danh,id,Khoá chính,Số,,PK,Có,Không,,Không,,Không,
84,CSDL Danh mục dùng chung,dm_ky_bao_cao,Tên kỳ báo cáo,ten_ky,,Text,20,Không,Có,Không,Tháng; 6 tháng; Năm; Định kỳ 5 năm; Đột xuất,Không,,Không,
,CSDL Danh mục dùng chung,nguoi,--- Bang: nguoi ---,,,,,,,,,,,,"[Đề xuất kỹ thuật] Hợp nhất trường nhân khẩu dùng chung cho mọi mẫu sổ/báo cáo (Cột 1-8 các Mẫu sổ PL II, PL III, PL IV). CHUẨN MÃ: số định danh cá nhân (Luật Căn cước 2023), giới tính/dân tộc/quốc gia (QĐ 4210/QĐ-BYT), mã định danh y tế (QĐ 2153/QĐ-BYT)"
85,CSDL Danh mục dùng chung,nguoi,Mã định danh,id,Khoá chính,Số,,PK,Có,Không,,Không,,Không,
86,CSDL Danh mục dùng chung,nguoi,Họ và tên,ho_ten,,Text,200,Không,Có,Không,,Không,,Không,Mẫu 01 Phụ lục I
87,CSDL Danh mục dùng chung,nguoi,Số định danh cá nhân,so_dinh_danh_ca_nhan,Số định danh cá nhân/CCCD (12 chữ số); người chưa có thì dùng hộ chiếu,Text,20,Không,Có,Không,,Có,Cao,Không,"CHUẨN: 12 chữ số theo cấu trúc số định danh cá nhân - Luật Căn cước 2023, Nghị định 137/2015/NĐ-CP (sửa đổi bởi NĐ 37/2021); đồng bộ CSDL quốc gia về dân cư (Bộ Công an). Mẫu 01 Phụ lục I"
88,CSDL Danh mục dùng chung,nguoi,Mã định danh y tế (ID-HL7),ma_dinh_danh_y_te,"Mã định danh y tế cá nhân, dùng số định danh cá nhân làm ID-Y tế",Text,20,Không,Không,Không,,Có,Cao,Không,"[Đề xuất kỹ thuật] CHUẨN: Quyết định 2153/QĐ-BYT ngày 25/5/2020 - quy chế xác lập, sử dụng và quản lý mã định danh y tế (ID y tế = số định danh cá nhân)"
89,CSDL Danh mục dùng chung,nguoi,Ngày sinh,ngay_sinh,Có thể chỉ có năm sinh,Ngày,,Không,Không,Không,,Có,Trung bình,Không,
90,CSDL Danh mục dùng chung,nguoi,Giới tính,gioi_tinh,1=Nam; 2=Nữ; 3=Chưa xác định (hiển thị Nam/Nữ/Không xác định như Mẫu 01 PL I),Text,1,Không,Có,Không,1=Nam; 2=Nữ; 3=Chưa xác định,Có,Thấp,Không,CHUẨN: Mã giới tính theo Quyết định 4210/QĐ-BYT (bảng danh mục GIOITINH)
91,CSDL Danh mục dùng chung,nguoi,Dân tộc,dan_toc_id,Tham chiếu dm_dan_toc,Số,,FK,Không,Không,,Có,Thấp,Không,CHUẨN: Mã dân tộc (54 dân tộc) theo Quyết định 4210/QĐ-BYT (bảng DANTOC) / Danh mục thành phần dân tộc Việt Nam của Tổng cục Thống kê
92,CSDL Danh mục dùng chung,nguoi,Quốc tịch,quoc_tich,Mã quốc gia,Text,3,Không,Không,Không,,Không,,Không,CHUẨN: Mã quốc gia theo Quyết định 4210/QĐ-BYT (bảng QUOCGIA) / ISO 3166-1 alpha-3 (vd VNM)
93,CSDL Danh mục dùng chung,nguoi,Nghề nghiệp,nghe_nghiep_id,Tham chiếu dm_nghe_nghiep,Số,,FK,Không,Không,,Không,,Không,
94,CSDL Danh mục dùng chung,nguoi,Điện thoại,dien_thoai,,Text,20,Không,Không,Không,,Có,Trung bình,Không,
95,CSDL Danh mục dùng chung,nguoi,Địa chỉ hiện tại,dia_chi_hien_tai,"Số nhà, đường/tổ/thôn, phường/xã, tỉnh",Text,500,Không,Không,Không,,Có,Trung bình,Không,
96,CSDL Danh mục dùng chung,nguoi,Địa chỉ thường trú,dia_chi_thuong_tru,,Text,500,Không,Không,Không,,Có,Trung bình,Không,
97,CSDL Danh mục dùng chung,nguoi,Địa bàn quản lý,dia_ban_id,Xã quản lý (mã theo QĐ 19/2025/QĐ-TTg) — dùng tổng hợp báo cáo theo địa bàn dân cư,Số,,FK,Không,Không,,Không,,Không,
98,CSDL Danh mục dùng chung,nguoi,Nơi làm việc/học tập,noi_lam_viec_hoc_tap,,Text,300,Không,Không,Không,,Không,,Không,
,CSDL Giám sát bệnh truyền nhiễm,btn_doi_tuong_giam_sat,--- Bang: btn_doi_tuong_giam_sat ---,,,,,,,,,,,,"Điều 5 (đối tượng giám sát), Điều 7.1a (nội dung giám sát hành chính) TT15"
99,CSDL Giám sát bệnh truyền nhiễm,btn_doi_tuong_giam_sat,Mã định danh,id,Khoá chính,Số,,PK,Có,Không,,Không,,Không,
100,CSDL Giám sát bệnh truyền nhiễm,btn_doi_tuong_giam_sat,Cá nhân,nguoi_id,Tham chiếu bảng nguoi,Số,,FK,Có,Không,,Không,,Không,
101,CSDL Giám sát bệnh truyền nhiễm,btn_doi_tuong_giam_sat,Loại đối tượng,loai_doi_tuong,,Text,30,Không,Có,Không,mac_benh; mang_mam_benh; nghi_ngo; tiep_xuc; tu_vong_do_hoac_nghi_ngo,Không,,Không,
102,CSDL Giám sát bệnh truyền nhiễm,btn_doi_tuong_giam_sat,Đơn vị phát hiện,don_vi_phat_hien_id,Tham chiếu dm_don_vi,Số,,FK,Có,Không,,Không,,Không,
103,CSDL Giám sát bệnh truyền nhiễm,btn_doi_tuong_giam_sat,Ngày phát hiện,ngay_phat_hien,,Ngày,,Không,Có,Không,,Không,,Không,
,CSDL Giám sát bệnh truyền nhiễm,btn_truong_hop_benh,--- Bang: btn_truong_hop_benh ---,,,,,,,,,,,,Mẫu 01 - Phụ lục I QĐ97; Điều 10.2a TT15 — Báo cáo trường hợp bệnh
104,CSDL Giám sát bệnh truyền nhiễm,btn_truong_hop_benh,Mã định danh,id,Khoá chính,Số,,PK,Có,Không,,Không,,Không,
105,CSDL Giám sát bệnh truyền nhiễm,btn_truong_hop_benh,Đối tượng giám sát,doi_tuong_giam_sat_id,Tham chiếu btn_doi_tuong_giam_sat,Số,,FK,Có,Không,,Không,,Không,
106,CSDL Giám sát bệnh truyền nhiễm,btn_truong_hop_benh,Bệnh truyền nhiễm,benh_id,Tham chiếu dm_benh_truyen_nhiem,Số,,FK,Có,Không,,Không,,Không,
107,CSDL Giám sát bệnh truyền nhiễm,btn_truong_hop_benh,Phân loại báo cáo,phan_loai_bao_cao,,Text,10,Không,Có,Không,24h; 48h; tuan,Không,,Không,
108,CSDL Giám sát bệnh truyền nhiễm,btn_truong_hop_benh,Tình trạng tiêm chủng,tinh_trang_tiem_chung,,Text,10,Không,Có,Không,co; khong; khong_ro,Có,Cao,Không,
109,CSDL Giám sát bệnh truyền nhiễm,btn_truong_hop_benh,Số lần tiêm,so_lan_tiem,Nếu tình trạng tiêm chủng = có,Số,,Không,Không,Không,,Không,,Không,
110,CSDL Giám sát bệnh truyền nhiễm,btn_truong_hop_benh,Phân loại chẩn đoán,phan_loai_chan_doan,,Text,20,Không,Có,Không,lam_sang_nghi_ngo; xac_dinh_ptn,Không,,Không,
111,CSDL Giám sát bệnh truyền nhiễm,btn_truong_hop_benh,Ngày khởi phát,ngay_khoi_phat,,Ngày,,Không,Không,Không,,Không,,Không,
112,CSDL Giám sát bệnh truyền nhiễm,btn_truong_hop_benh,Đã lấy mẫu xét nghiệm,da_lay_mau_xn,,Bool,,Không,Không,Không,,Không,,Không,
113,CSDL Giám sát bệnh truyền nhiễm,btn_truong_hop_benh,Loại xét nghiệm,loai_xet_nghiem,,Text,30,Không,Không,Không,test_nhanh; huyet_thanh_hoc; pcr_rtpcr; khac,Không,,Không,
114,CSDL Giám sát bệnh truyền nhiễm,btn_truong_hop_benh,Kết quả xét nghiệm,ket_qua_xet_nghiem,,Text,20,Không,Không,Không,duong_tinh; am_tinh; nghi_ngo; chua_co_ket_qua,Không,,Không,
115,CSDL Giám sát bệnh truyền nhiễm,btn_truong_hop_benh,Tình trạng điều trị,tinh_trang_dieu_tri,,Text,20,Không,Không,Không,ngoai_tru; noi_tru,Không,,Không,
116,CSDL Giám sát bệnh truyền nhiễm,btn_truong_hop_benh,Ngày nhập viện,ngay_nhap_vien,,Ngày,,Không,Không,Không,,Không,,Không,
117,CSDL Giám sát bệnh truyền nhiễm,btn_truong_hop_benh,Ngày ra viện/chuyển viện/tử vong,ngay_ra_vien_chuyen_vien_tu_vong,,Ngày,,Không,Không,Không,,Không,,Không,
118,CSDL Giám sát bệnh truyền nhiễm,btn_truong_hop_benh,Kết quả cuối,ket_qua_cuoi,,Text,20,Không,Không,Không,ra_vien; chuyen_vien; tu_vong; khac,Không,,Không,
119,CSDL Giám sát bệnh truyền nhiễm,btn_truong_hop_benh,Tiền sử dịch tễ,tien_su_dich_te,"Đi lại, tiếp xúc người bệnh/nghi ngờ, tiếp xúc động vật/gia cầm, phơi nhiễm khác",Text,1000,Không,Không,Không,,Có,Cao,Không,
120,CSDL Giám sát bệnh truyền nhiễm,btn_truong_hop_benh,Người báo cáo,nguoi_bao_cao_id,Tham chiếu ht_nguoi_dung,Số,,FK,Không,Không,,Không,,Không,
121,CSDL Giám sát bệnh truyền nhiễm,btn_truong_hop_benh,Đơn vị báo cáo,don_vi_bao_cao_id,TYT xã/CSKCB/cơ sở xét nghiệm,Số,,FK,Có,Không,,Không,,Không,
122,CSDL Giám sát bệnh truyền nhiễm,btn_truong_hop_benh,Ổ dịch liên quan,o_dich_id,Nếu ca bệnh thuộc 1 ổ dịch,Số,,FK,Không,Không,,Không,,Không,
,CSDL Giám sát bệnh truyền nhiễm,btn_o_dich,--- Bang: btn_o_dich ---,,,,,,,,,,,,"Điều 2.1 (định nghĩa ổ dịch); Mẫu 02, 03 - Phụ lục I QĐ97"
123,CSDL Giám sát bệnh truyền nhiễm,btn_o_dich,Mã định danh,id,Khoá chính,Số,,PK,Có,Không,,Không,,Không,
124,CSDL Giám sát bệnh truyền nhiễm,btn_o_dich,Tên ổ dịch,ten_o_dich,,Text,300,Không,Có,Không,,Không,,Không,
125,CSDL Giám sát bệnh truyền nhiễm,btn_o_dich,Bệnh truyền nhiễm,benh_id,Tham chiếu dm_benh_truyen_nhiem,Số,,FK,Có,Không,,Không,,Không,
126,CSDL Giám sát bệnh truyền nhiễm,btn_o_dich,Đơn vị quản lý,don_vi_id,Trạm Y tế cấp xã,Số,,FK,Có,Không,,Không,,Không,
127,CSDL Giám sát bệnh truyền nhiễm,btn_o_dich,Địa điểm,dia_diem,"Thôn/tổ, xã, tỉnh",Text,500,Không,Có,Không,,Không,,Không,
128,CSDL Giám sát bệnh truyền nhiễm,btn_o_dich,Ngày khởi phát ca đầu,ngay_khoi_phat_ca_dau,,Ngày,,Không,Không,Không,,Không,,Không,
129,CSDL Giám sát bệnh truyền nhiễm,btn_o_dich,Ngày nhập cảnh,ngay_nhap_canh,Nếu ca khởi phát ở nước ngoài,Ngày,,Không,Không,Không,,Không,,Không,
130,CSDL Giám sát bệnh truyền nhiễm,btn_o_dich,Ngày đến địa phương,ngay_den_dia_phuong,Bổ sung nếu khởi phát tại nước ngoài,Ngày,,Không,Không,Không,,Không,,Không,
131,CSDL Giám sát bệnh truyền nhiễm,btn_o_dich,Ngày nhận báo cáo đầu,ngay_nhan_bao_cao_dau,,Ngày,,Không,Có,Không,,Không,,Không,
132,CSDL Giám sát bệnh truyền nhiễm,btn_o_dich,Ngày khởi phát ca cuối,ngay_khoi_phat_ca_cuoi,Cập nhật khi kết thúc ổ dịch,Ngày,,Không,Không,Không,,Không,,Không,
133,CSDL Giám sát bệnh truyền nhiễm,btn_o_dich,Ngày kết thúc hoạt động,ngay_ket_thuc_hoat_dong,,Ngày,,Không,Không,Không,,Không,,Không,
134,CSDL Giám sát bệnh truyền nhiễm,btn_o_dich,Mô tả yếu tố nguy cơ,mo_ta_yeu_to_nguy_co,,Text,2000,Không,Không,Không,,Không,,Không,
135,CSDL Giám sát bệnh truyền nhiễm,btn_o_dich,Trạng thái,trang_thai,,Text,20,Không,Có,Không,dang_hoat_dong; da_ket_thuc,Không,,Không,
,CSDL Giám sát bệnh truyền nhiễm,btn_o_dich_so_lieu_ngay,--- Bang: btn_o_dich_so_lieu_ngay ---,,,,,,,,,,,,"Mẫu 02 mục 2, 3 - Phụ lục I QĐ97"
136,CSDL Giám sát bệnh truyền nhiễm,btn_o_dich_so_lieu_ngay,Mã định danh,id,Khoá chính,Số,,PK,Có,Không,,Không,,Không,
137,CSDL Giám sát bệnh truyền nhiễm,btn_o_dich_so_lieu_ngay,Ổ dịch,o_dich_id,Tham chiếu btn_o_dich,Số,,FK,Có,Không,,Không,,Không,
138,CSDL Giám sát bệnh truyền nhiễm,btn_o_dich_so_lieu_ngay,Ngày,ngay,,Ngày,,Không,Có,Không,,Không,,Không,
139,CSDL Giám sát bệnh truyền nhiễm,btn_o_dich_so_lieu_ngay,Thôn/tổ,thon_to,,Text,100,Không,Không,Không,,Không,,Không,
140,CSDL Giám sát bệnh truyền nhiễm,btn_o_dich_so_lieu_ngay,Số mắc,so_mac,,Số,,Không,Có,Không,,Không,,Không,
141,CSDL Giám sát bệnh truyền nhiễm,btn_o_dich_so_lieu_ngay,Số tử vong,so_tu_vong,,Số,,Không,Có,Không,,Không,,Không,
142,CSDL Giám sát bệnh truyền nhiễm,btn_o_dich_so_lieu_ngay,Số mẫu làm xét nghiệm,so_mau_lam_xn,,Số,,Không,Không,Không,,Không,,Không,
143,CSDL Giám sát bệnh truyền nhiễm,btn_o_dich_so_lieu_ngay,Số xét nghiệm dương tính,so_xn_duong_tinh,,Số,,Không,Không,Không,,Không,,Không,
,CSDL Giám sát bệnh truyền nhiễm,btn_o_dich_tong_hop,--- Bang: btn_o_dich_tong_hop ---,,,,,,,,,,,,Mẫu 03 mục 7 - Phụ lục I QĐ97 (chốt số liệu khi kết thúc ổ dịch)
144,CSDL Giám sát bệnh truyền nhiễm,btn_o_dich_tong_hop,Ổ dịch,o_dich_id,Tham chiếu btn_o_dich (PK),Số,,"PK, FK",Có,Không,,Không,,Không,
145,CSDL Giám sát bệnh truyền nhiễm,btn_o_dich_tong_hop,Tổng số mắc,tong_so_mac,,Số,,Không,Có,Không,,Không,,Không,
146,CSDL Giám sát bệnh truyền nhiễm,btn_o_dich_tong_hop,Tổng số tử vong,tong_so_tu_vong,,Số,,Không,Có,Không,,Không,,Không,
147,CSDL Giám sát bệnh truyền nhiễm,btn_o_dich_tong_hop,Tổng số mẫu xét nghiệm,tong_so_mau_xn,,Số,,Không,Không,Không,,Không,,Không,
148,CSDL Giám sát bệnh truyền nhiễm,btn_o_dich_tong_hop,Tổng số mẫu dương tính,tong_so_mau_duong_tinh,,Số,,Không,Không,Không,,Không,,Không,
,CSDL Giám sát bệnh truyền nhiễm,btn_bao_cao_dich_benh,--- Bang: btn_bao_cao_dich_benh ---,,,,,,,,,,,,"Điều 25, 26 TT15; Mẫu 01/02 - Phụ lục II TT15 (thông tin công khai) + Mẫu 04/05 - Phụ lục I QĐ97 (báo cáo đầy đủ)"
149,CSDL Giám sát bệnh truyền nhiễm,btn_bao_cao_dich_benh,Mã định danh,id,Khoá chính,Số,,PK,Có,Không,,Không,,Không,
150,CSDL Giám sát bệnh truyền nhiễm,btn_bao_cao_dich_benh,Ổ dịch,o_dich_id,Tham chiếu btn_o_dich,Số,,FK,Không,Không,,Không,,Không,
151,CSDL Giám sát bệnh truyền nhiễm,btn_bao_cao_dich_benh,Đơn vị,don_vi_id,Trạm Y tế cấp xã,Số,,FK,Có,Không,,Không,,Không,
152,CSDL Giám sát bệnh truyền nhiễm,btn_bao_cao_dich_benh,Loại thông tin,loai_thong_tin,,Text,10,Không,Có,Không,co_dich; het_dich,Không,,Không,
153,CSDL Giám sát bệnh truyền nhiễm,btn_bao_cao_dich_benh,Tên dịch bệnh,ten_dich_benh,,Text,300,Không,Có,Không,,Không,,Không,Điều 25.1a/2a
154,CSDL Giám sát bệnh truyền nhiễm,btn_bao_cao_dich_benh,Thời gian xác định,thoi_gian_xac_dinh,,Ngày,,Không,Có,Không,,Không,,Không,Điều 25.1b
155,CSDL Giám sát bệnh truyền nhiễm,btn_bao_cao_dich_benh,Thời gian hết dịch,thoi_gian_het_dich,,Ngày,,Không,Không,Không,,Không,,Không,Điều 25.2b
156,CSDL Giám sát bệnh truyền nhiễm,btn_bao_cao_dich_benh,Địa điểm có ổ dịch,dia_diem_o_dich,,Text,500,Không,Không,Không,,Không,,Không,Điều 25.1c
157,CSDL Giám sát bệnh truyền nhiễm,btn_bao_cao_dich_benh,Khuyến nghị,khuyen_nghi,,Text,1000,Không,Không,Không,,Không,,Không,Điều 25.1d/2c
158,CSDL Giám sát bệnh truyền nhiễm,btn_bao_cao_dich_benh,Số văn bản,so_van_ban,Số hiệu văn bản Mẫu 01/02 PL II TT15,Text,50,Không,Không,Không,,Không,,Không,
159,CSDL Giám sát bệnh truyền nhiễm,btn_bao_cao_dich_benh,Ngày ban hành,ngay_ban_hanh,Trong vòng 24 giờ kể từ khi xác định,Ngày,,Không,Có,Không,,Không,,Không,Điều 26.1b/c
160,CSDL Giám sát bệnh truyền nhiễm,btn_bao_cao_dich_benh,Người ký,nguoi_ky_id,Giám đốc Trạm Y tế cấp xã,Số,,FK,Không,Không,,Không,,Không,
161,CSDL Giám sát bệnh truyền nhiễm,btn_bao_cao_dich_benh,Nơi nhận,noi_nhan,"Chủ tịch UBND xã, CQ chuyên môn y tế tỉnh, TTKSBT tỉnh, lực lượng chuyên trách/kiêm nhiệm",Text,500,Không,Không,Không,,Không,,Không,
,CSDL Giám sát bệnh truyền nhiễm,btn_bao_cao_dich_benh_chi_tiet,--- Bang: btn_bao_cao_dich_benh_chi_tiet ---,,,,,,,,,,,,"Mẫu 04 (báo cáo dịch bệnh), Mẫu 05 (báo cáo kết thúc dịch bệnh) - Phụ lục I QĐ97 (cấu trúc I-VIII)"
162,CSDL Giám sát bệnh truyền nhiễm,btn_bao_cao_dich_benh_chi_tiet,Mã định danh,id,Khoá chính,Số,,PK,Có,Không,,Không,,Không,
163,CSDL Giám sát bệnh truyền nhiễm,btn_bao_cao_dich_benh_chi_tiet,Báo cáo dịch bệnh,bao_cao_id,Tham chiếu btn_bao_cao_dich_benh,Số,,FK,Có,Không,,Không,,Không,
164,CSDL Giám sát bệnh truyền nhiễm,btn_bao_cao_dich_benh_chi_tiet,I. Đặc điểm tình hình,dac_diem_tinh_hinh,,Text,2000,Không,Không,Không,,Không,,Không,
165,CSDL Giám sát bệnh truyền nhiễm,btn_bao_cao_dich_benh_chi_tiet,II.1 So mắc/tử vong so sánh,so_mac_tu_vong_so_sanh,"So với TB 5 năm, cùng kỳ năm trước, TB 4 tuần trước",Text,1000,Không,Không,Không,,Không,,Không,
166,CSDL Giám sát bệnh truyền nhiễm,btn_bao_cao_dich_benh_chi_tiet,II.2 Kết quả xét nghiệm,ket_qua_xet_nghiem,"Số mẫu XN, số dương tính",Text,500,Không,Không,Không,,Không,,Không,
167,CSDL Giám sát bệnh truyền nhiễm,btn_bao_cao_dich_benh_chi_tiet,II.3 Phân tích theo thời gian/địa điểm/con người,phan_tich_ttdd_con_nguoi,"Quy mô, biểu đồ dịch bệnh, kết quả đánh giá nguy cơ",Text,2000,Không,Không,Không,,Không,,Không,
168,CSDL Giám sát bệnh truyền nhiễm,btn_bao_cao_dich_benh_chi_tiet,II.4 Yếu tố trung gian/véc tơ,yeu_to_trung_gian_vec_to,,Text,500,Không,Không,Không,,Không,,Không,
169,CSDL Giám sát bệnh truyền nhiễm,btn_bao_cao_dich_benh_chi_tiet,II.5 Tình hình bệnh trên động vật,tinh_hinh_benh_dong_vat,,Text,500,Không,Không,Không,,Không,,Không,
170,CSDL Giám sát bệnh truyền nhiễm,btn_bao_cao_dich_benh_chi_tiet,III. Biện pháp đã triển khai,bien_phap_da_trien_khai,"Chỉ đạo, giám sát, truyền thông, vệ sinh môi trường, thu dung điều trị, tiêm chủng",Text,2000,Không,Không,Không,,Không,,Không,
171,CSDL Giám sát bệnh truyền nhiễm,btn_bao_cao_dich_benh_chi_tiet,IV. Huy động nguồn lực,huy_dong_nguon_luc,"Nhân lực, thiết bị/thuốc/vật tư/hoá chất, kinh phí",Text,1000,Không,Không,Không,,Không,,Không,
172,CSDL Giám sát bệnh truyền nhiễm,btn_bao_cao_dich_benh_chi_tiet,"V. Đánh giá, nhận định, dự báo",danh_gia_nhan_dinh_du_bao,,Text,1000,Không,Không,Không,,Không,,Không,
173,CSDL Giám sát bệnh truyền nhiễm,btn_bao_cao_dich_benh_chi_tiet,"VI. Khó khăn, tồn tại",kho_khan_ton_tai,,Text,1000,Không,Không,Không,,Không,,Không,
174,CSDL Giám sát bệnh truyền nhiễm,btn_bao_cao_dich_benh_chi_tiet,VII. Giải pháp thời gian tới,giai_phap_thoi_gian_toi,,Text,1000,Không,Không,Không,,Không,,Không,
175,CSDL Giám sát bệnh truyền nhiễm,btn_bao_cao_dich_benh_chi_tiet,"VIII. Đề xuất, kiến nghị",de_xuat_kien_nghi,,Text,1000,Không,Không,Không,,Không,,Không,
,CSDL Giám sát bệnh truyền nhiễm,btn_khai_bao_ca_nhan,--- Bang: btn_khai_bao_ca_nhan ---,,,,,,,,,,,,"Điều 12, 13 TT15"
176,CSDL Giám sát bệnh truyền nhiễm,btn_khai_bao_ca_nhan,Mã định danh,id,Khoá chính,Số,,PK,Có,Không,,Không,,Không,
177,CSDL Giám sát bệnh truyền nhiễm,btn_khai_bao_ca_nhan,Cá nhân,nguoi_id,Tham chiếu bảng nguoi,Số,,FK,Có,Không,,Không,,Không,
178,CSDL Giám sát bệnh truyền nhiễm,btn_khai_bao_ca_nhan,Cách thức khai báo,cach_thuc_khai_bao,,Text,20,Không,Có,Không,dien_thoai; truc_tiep; hinh_thuc_khac; ung_dung_dien_tu,Không,,Không,
179,CSDL Giám sát bệnh truyền nhiễm,btn_khai_bao_ca_nhan,Đơn vị tiếp nhận,don_vi_tiep_nhan_id,TYT xã/CSKCB/Tổ chức kiểm dịch y tế cửa khẩu,Số,,FK,Có,Không,,Không,,Không,
180,CSDL Giám sát bệnh truyền nhiễm,btn_khai_bao_ca_nhan,Tình trạng sức khoẻ,tinh_trang_suc_khoe,,Text,500,Không,Không,Không,,Có,Cao,Không,
181,CSDL Giám sát bệnh truyền nhiễm,btn_khai_bao_ca_nhan,"Tiền sử tiếp xúc, di chuyển",tien_su_tiep_xuc_di_chuyen,,Text,1000,Không,Không,Không,,Có,Cao,Không,
182,CSDL Giám sát bệnh truyền nhiễm,btn_khai_bao_ca_nhan,Ngày khai báo,ngay_khai_bao,,Ngày,,Không,Có,Không,,Không,,Không,
183,CSDL Giám sát bệnh truyền nhiễm,btn_khai_bao_ca_nhan,Kết quả xử lý,ket_qua_xu_ly,Hướng dẫn biện pháp phòng bệnh áp dụng,Text,500,Không,Không,Không,,Không,,Không,
,CSDL Giám sát bệnh truyền nhiễm,btn_danh_gia_nguy_co,--- Bang: btn_danh_gia_nguy_co ---,,,,,,,,,,,,Điều 21 TT15
184,CSDL Giám sát bệnh truyền nhiễm,btn_danh_gia_nguy_co,Mã định danh,id,Khoá chính,Số,,PK,Có,Không,,Không,,Không,
185,CSDL Giám sát bệnh truyền nhiễm,btn_danh_gia_nguy_co,Loại đánh giá,loai_danh_gia,,Text,20,Không,Có,Không,hang_nam; dot_xuat,Không,,Không,
186,CSDL Giám sát bệnh truyền nhiễm,btn_danh_gia_nguy_co,Bệnh truyền nhiễm,benh_id,Tham chiếu dm_benh_truyen_nhiem,Số,,FK,Không,Không,,Không,,Không,
187,CSDL Giám sát bệnh truyền nhiễm,btn_danh_gia_nguy_co,Đơn vị thực hiện,don_vi_id,Cơ quan chuyên môn y tế thực hiện,Số,,FK,Có,Không,,Không,,Không,
188,CSDL Giám sát bệnh truyền nhiễm,btn_danh_gia_nguy_co,Kỳ đánh giá (năm),ky_danh_gia,Áp dụng nếu hằng năm,Số,,Không,Không,Không,,Không,,Không,
189,CSDL Giám sát bệnh truyền nhiễm,btn_danh_gia_nguy_co,Ngày đánh giá,ngay_danh_gia,Áp dụng nếu đột xuất,Ngày,,Không,Không,Không,,Không,,Không,
190,CSDL Giám sát bệnh truyền nhiễm,btn_danh_gia_nguy_co,Dấu hiệu kích hoạt,dau_hieu_kich_hoat,8 dấu hiệu theo Điều 21.2 (a-h),Text,500,Không,Không,Không,,Không,,Không,
191,CSDL Giám sát bệnh truyền nhiễm,btn_danh_gia_nguy_co,Mức độ nguy cơ,muc_do_nguy_co,Chỉ áp dụng đột xuất,Text,20,Không,Không,Không,thap; trung_binh; cao; rat_cao,Không,,Không,
192,CSDL Giám sát bệnh truyền nhiễm,btn_danh_gia_nguy_co,Yếu tố gia tăng,yeu_to_gia_tang,,Text,1000,Không,Không,Không,,Không,,Không,
193,CSDL Giám sát bệnh truyền nhiễm,btn_danh_gia_nguy_co,"Năng lực, nguồn lực",nang_luc_nguon_luc,,Text,1000,Không,Không,Không,,Không,,Không,
194,CSDL Giám sát bệnh truyền nhiễm,btn_danh_gia_nguy_co,Biện pháp đề xuất,bien_phap_de_xuat,,Text,1000,Không,Không,Không,,Không,,Không,
,CSDL Giám sát bệnh truyền nhiễm,btn_canh_bao_dich_benh,--- Bang: btn_canh_bao_dich_benh ---,,,,,,,,,,,,Điều 22 TT15
195,CSDL Giám sát bệnh truyền nhiễm,btn_canh_bao_dich_benh,Mã định danh,id,Khoá chính,Số,,PK,Có,Không,,Không,,Không,
196,CSDL Giám sát bệnh truyền nhiễm,btn_canh_bao_dich_benh,Bệnh truyền nhiễm,benh_id,Tham chiếu dm_benh_truyen_nhiem,Số,,FK,Có,Không,,Không,,Không,
197,CSDL Giám sát bệnh truyền nhiễm,btn_canh_bao_dich_benh,Địa bàn (đơn vị),don_vi_dia_ban_id,Trạm Y tế cấp xã,Số,,FK,Có,Không,,Không,,Không,
198,CSDL Giám sát bệnh truyền nhiễm,btn_canh_bao_dich_benh,Điều kiện kích hoạt,dieu_kien_kich_hoat,,Text,40,Không,Có,Không,nhom_a_1_ca; nhom_bc_luu_hanh_vuot_nguong; nhom_bc_khong_luu_hanh_3ca; benh_moi_chua_ghi_nhan,Không,,Không,Điều 22.1 a-d
199,CSDL Giám sát bệnh truyền nhiễm,btn_canh_bao_dich_benh,Ngày cảnh báo,ngay_canh_bao,,Ngày,,Không,Có,Không,,Không,,Không,
200,CSDL Giám sát bệnh truyền nhiễm,btn_canh_bao_dich_benh,Nội dung nguy cơ,noi_dung_nguy_co,"Thời gian, địa điểm, phạm vi, quy mô có thể xảy ra",Text,1000,Không,Không,Không,,Không,,Không,
201,CSDL Giám sát bệnh truyền nhiễm,btn_canh_bao_dich_benh,Biện pháp phòng chống,bien_phap_phong_chong,,Text,1000,Không,Không,Không,,Không,,Không,
,CSDL Giám sát bệnh truyền nhiễm,btn_cap_do_phong_thu_dan_su,--- Bang: btn_cap_do_phong_thu_dan_su ---,,,,,,,,,,,,"Điều 17, 18, 19, 20 TT15"
202,CSDL Giám sát bệnh truyền nhiễm,btn_cap_do_phong_thu_dan_su,Mã định danh,id,Khoá chính,Số,,PK,Có,Không,,Không,,Không,
203,CSDL Giám sát bệnh truyền nhiễm,btn_cap_do_phong_thu_dan_su,Cấp độ,cap_do,,Text,20,Không,Có,Không,cap_1; cap_2; cap_3; khan_cap,Không,,Không,
204,CSDL Giám sát bệnh truyền nhiễm,btn_cap_do_phong_thu_dan_su,Địa bàn,dia_ban_id,"Xã (cấp 1)/tỉnh (cấp 2)/1-nhiều tỉnh (cấp 3, khẩn cấp)",Số,,FK,Có,Không,,Không,,Không,
205,CSDL Giám sát bệnh truyền nhiễm,btn_cap_do_phong_thu_dan_su,Bệnh truyền nhiễm,benh_id,Tham chiếu dm_benh_truyen_nhiem,Số,,FK,Không,Không,,Không,,Không,
206,CSDL Giám sát bệnh truyền nhiễm,btn_cap_do_phong_thu_dan_su,Ngày ban bố,ngay_ban_bo,,Ngày,,Không,Có,Không,,Không,,Không,
207,CSDL Giám sát bệnh truyền nhiễm,btn_cap_do_phong_thu_dan_su,Ngày bãi bỏ,ngay_bai_bo,,Ngày,,Không,Không,Không,,Không,,Không,
208,CSDL Giám sát bệnh truyền nhiễm,btn_cap_do_phong_thu_dan_su,Căn cứ tiêu chí,can_cu_tieu_chi,Ghi rõ tiêu chí đáp ứng theo Điều 17/18/19/20,Text,1000,Không,Không,Không,,Không,,Không,
,CSDL Giám sát bệnh truyền nhiễm,btn_dieu_tra_o_dich,--- Bang: btn_dieu_tra_o_dich ---,,,,,,,,,,,,Điều 23 TT15 (10 bước điều tra ổ dịch)
209,CSDL Giám sát bệnh truyền nhiễm,btn_dieu_tra_o_dich,Mã định danh,id,Khoá chính,Số,,PK,Có,Không,,Không,,Không,
210,CSDL Giám sát bệnh truyền nhiễm,btn_dieu_tra_o_dich,Ổ dịch,o_dich_id,Tham chiếu btn_o_dich,Số,,FK,Có,Không,,Không,,Không,
211,CSDL Giám sát bệnh truyền nhiễm,btn_dieu_tra_o_dich,Bước điều tra,buoc,,Text,50,Không,Có,Không,chuan_bi; xac_minh_chan_doan; khang_dinh_ton_tai; dieu_tra_phat_hien_truong_hop; mo_ta_3_yeu_to; xay_dung_gia_thuyet; danh_gia_kiem_dinh; hoan_thien_gia_thuyet; de_xuat_bien_phap; bao_cao_ket_qua,Không,,Không,
212,CSDL Giám sát bệnh truyền nhiễm,btn_dieu_tra_o_dich,Nội dung,noi_dung,,Text,2000,Không,Không,Không,,Không,,Không,
213,CSDL Giám sát bệnh truyền nhiễm,btn_dieu_tra_o_dich,Ngày thực hiện,ngay_thuc_hien,,Ngày,,Không,Có,Không,,Không,,Không,
214,CSDL Giám sát bệnh truyền nhiễm,btn_dieu_tra_o_dich,Người thực hiện,nguoi_thuc_hien_id,Tham chiếu ht_nguoi_dung,Số,,FK,Không,Không,,Không,,Không,
,CSDL Giám sát bệnh truyền nhiễm,btn_bien_phap_xu_ly_o_dich,--- Bang: btn_bien_phap_xu_ly_o_dich ---,,,,,,,,,,,,Điều 24.1 TT15 (9 nhóm biện pháp a-i)
215,CSDL Giám sát bệnh truyền nhiễm,btn_bien_phap_xu_ly_o_dich,Mã định danh,id,Khoá chính,Số,,PK,Có,Không,,Không,,Không,
216,CSDL Giám sát bệnh truyền nhiễm,btn_bien_phap_xu_ly_o_dich,Ổ dịch,o_dich_id,Tham chiếu btn_o_dich,Số,,FK,Có,Không,,Không,,Không,
217,CSDL Giám sát bệnh truyền nhiễm,btn_bien_phap_xu_ly_o_dich,Loại biện pháp,loai_bien_phap,,Text,30,Không,Có,Không,xu_ly_nguon_benh; xu_ly_duong_truyen; bao_ve_nguoi_dan; truyen_thong; khu_trung; dieu_tra_xu_ly_tu_vong; phoi_hop_lien_nganh_quoc_te; khoanh_vung_kiem_soat; ra_soat_sau_dap_ung,Không,,Không,
218,CSDL Giám sát bệnh truyền nhiễm,btn_bien_phap_xu_ly_o_dich,Ngày triển khai,ngay_trien_khai,,Ngày,,Không,Không,Không,,Không,,Không,
219,CSDL Giám sát bệnh truyền nhiễm,btn_bien_phap_xu_ly_o_dich,Mô tả,mo_ta,,Text,1000,Không,Không,Không,,Không,,Không,
,CSDL Giám sát bệnh không lây nhiễm & rối loạn tâm thần,kln_nguoi_benh,--- Bang: kln_nguoi_benh ---,,,,,,,,,,,,"Gộp Mẫu sổ 01A, 01B, 02, 03, 04 - Phụ lục II QĐ97 (Cột 1-8 dùng chung)"
220,CSDL Giám sát bệnh không lây nhiễm & rối loạn tâm thần,kln_nguoi_benh,Mã định danh,id,Khoá chính,Số,,PK,Có,Không,,Không,,Không,
221,CSDL Giám sát bệnh không lây nhiễm & rối loạn tâm thần,kln_nguoi_benh,Cá nhân,nguoi_id,Tham chiếu bảng nguoi,Số,,FK,Có,Không,,Không,,Không,
222,CSDL Giám sát bệnh không lây nhiễm & rối loạn tâm thần,kln_nguoi_benh,Bệnh không lây nhiễm,benh_id,Loại trừ lẫn nhau với rối loạn tâm thần,Số,,FK,Không,Không,,Không,,Không,
223,CSDL Giám sát bệnh không lây nhiễm & rối loạn tâm thần,kln_nguoi_benh,Rối loạn tâm thần,roi_loan_tam_than_id,,Số,,FK,Không,Không,,Không,,Không,
224,CSDL Giám sát bệnh không lây nhiễm & rối loạn tâm thần,kln_nguoi_benh,Loại sổ,loai_so,,Text,10,Không,Có,Không,01A_tha; 01B_dtd; 02_copd_hpq; 03_tam_than; 04_khac,Không,,Không,
225,CSDL Giám sát bệnh không lây nhiễm & rối loạn tâm thần,kln_nguoi_benh,Cơ sở y tế quản lý,co_so_y_te_quan_ly_id,Tham chiếu dm_don_vi,Số,,FK,Có,Không,,Không,,Không,
226,CSDL Giám sát bệnh không lây nhiễm & rối loạn tâm thần,kln_nguoi_benh,Nơi chẩn đoán đầu,noi_chan_doan_dau_id,Tham chiếu dm_don_vi,Số,,FK,Không,Không,,Không,,Không,
227,CSDL Giám sát bệnh không lây nhiễm & rối loạn tâm thần,kln_nguoi_benh,Mã ICD-10 ghi nhận,ma_icd10_ghi_nhan,Cột 11 Mẫu sổ 04 (nếu có),Text,10,Không,Không,Không,,Không,,Không,
228,CSDL Giám sát bệnh không lây nhiễm & rối loạn tâm thần,kln_nguoi_benh,Năm theo dõi,nam_theo_doi,Sổ lập theo từng năm dương lịch,Số,,Không,Có,Không,,Không,,Không,
229,CSDL Giám sát bệnh không lây nhiễm & rối loạn tâm thần,kln_nguoi_benh,Trạng thái,trang_thai,,Text,20,Không,Có,Không,dang_quan_ly; tu_vong; chuyen_di; mat_theo_doi,Không,,Không,
230,CSDL Giám sát bệnh không lây nhiễm & rối loạn tâm thần,kln_nguoi_benh,Ghi chú,ghi_chu,,Text,500,Không,Không,Không,,Không,,Không,
,CSDL Giám sát bệnh không lây nhiễm & rối loạn tâm thần,kln_lan_kham_tha,--- Bang: kln_lan_kham_tha ---,,,,,,,,,,,,Mẫu sổ 01A - Phụ lục II QĐ97; Mẫu báo cáo 01 mục 1 PL II
231,CSDL Giám sát bệnh không lây nhiễm & rối loạn tâm thần,kln_lan_kham_tha,Mã định danh,id,Khoá chính,Số,,PK,Có,Không,,Không,,Không,
232,CSDL Giám sát bệnh không lây nhiễm & rối loạn tâm thần,kln_lan_kham_tha,Người bệnh,nguoi_benh_id,Tham chiếu kln_nguoi_benh,Số,,FK,Có,Không,,Không,,Không,
233,CSDL Giám sát bệnh không lây nhiễm & rối loạn tâm thần,kln_lan_kham_tha,Tháng,thang,1-12,Số,,Không,Có,Không,,Không,,Không,
234,CSDL Giám sát bệnh không lây nhiễm & rối loạn tâm thần,kln_lan_kham_tha,CSYT quản lý,csyt_quan_ly_id,Tham chiếu dm_don_vi,Số,,FK,Có,Không,,Không,,Không,
235,CSDL Giám sát bệnh không lây nhiễm & rối loạn tâm thần,kln_lan_kham_tha,Ngày khám,ngay_kham,,Ngày,,Không,Có,Không,,Không,,Không,
236,CSDL Giám sát bệnh không lây nhiễm & rối loạn tâm thần,kln_lan_kham_tha,Nơi khám,noi_kham_id,Tham chiếu dm_don_vi,Số,,FK,Có,Không,,Không,,Không,
237,CSDL Giám sát bệnh không lây nhiễm & rối loạn tâm thần,kln_lan_kham_tha,Huyết áp tâm thu,chi_so_huyet_ap_tam_thu,mmHg,Số,,Không,Có,Không,,Không,,Không,
238,CSDL Giám sát bệnh không lây nhiễm & rối loạn tâm thần,kln_lan_kham_tha,Huyết áp tâm trương,chi_so_huyet_ap_tam_truong,mmHg,Số,,Không,Có,Không,,Không,,Không,
239,CSDL Giám sát bệnh không lây nhiễm & rối loạn tâm thần,kln_lan_kham_tha,Đạt HA mục tiêu,dat_ha_muc_tieu,0=không đạt; 1=đạt; 2=chưa đánh giá (lần đầu),Số,,Không,Có,Không,0; 1; 2,Không,,Không,
240,CSDL Giám sát bệnh không lây nhiễm & rối loạn tâm thần,kln_lan_kham_tha,Thuốc điều trị,thuoc_dieu_tri,"Tên thuốc, liều dùng, số lượng viên",Text,300,Không,Không,Không,,Có,Cao,Không,
,CSDL Giám sát bệnh không lây nhiễm & rối loạn tâm thần,kln_lan_kham_dtd,--- Bang: kln_lan_kham_dtd ---,,,,,,,,,,,,Mẫu sổ 01B - Phụ lục II QĐ97; Mẫu báo cáo 01 mục 2 PL II
241,CSDL Giám sát bệnh không lây nhiễm & rối loạn tâm thần,kln_lan_kham_dtd,Mã định danh,id,Khoá chính,Số,,PK,Có,Không,,Không,,Không,
242,CSDL Giám sát bệnh không lây nhiễm & rối loạn tâm thần,kln_lan_kham_dtd,Người bệnh,nguoi_benh_id,Tham chiếu kln_nguoi_benh,Số,,FK,Có,Không,,Không,,Không,
243,CSDL Giám sát bệnh không lây nhiễm & rối loạn tâm thần,kln_lan_kham_dtd,Tháng,thang,1-12,Số,,Không,Có,Không,,Không,,Không,
244,CSDL Giám sát bệnh không lây nhiễm & rối loạn tâm thần,kln_lan_kham_dtd,CSYT quản lý,csyt_quan_ly_id,Tham chiếu dm_don_vi,Số,,FK,Có,Không,,Không,,Không,
245,CSDL Giám sát bệnh không lây nhiễm & rối loạn tâm thần,kln_lan_kham_dtd,Ngày khám,ngay_kham,,Ngày,,Không,Có,Không,,Không,,Không,
246,CSDL Giám sát bệnh không lây nhiễm & rối loạn tâm thần,kln_lan_kham_dtd,Nơi khám,noi_kham_id,Tham chiếu dm_don_vi,Số,,FK,Có,Không,,Không,,Không,
247,CSDL Giám sát bệnh không lây nhiễm & rối loạn tâm thần,kln_lan_kham_dtd,Đường máu (mmol/l),duong_mau_mmol_l,,Số,,Không,Có,Không,,Không,,Không,
248,CSDL Giám sát bệnh không lây nhiễm & rối loạn tâm thần,kln_lan_kham_dtd,Đạt đường máu mục tiêu,dat_duong_mau_muc_tieu,0=không đạt; 1=đạt; 2=chưa đánh giá,Số,,Không,Có,Không,0; 1; 2,Không,,Không,
249,CSDL Giám sát bệnh không lây nhiễm & rối loạn tâm thần,kln_lan_kham_dtd,Thuốc điều trị,thuoc_dieu_tri,,Text,300,Không,Không,Không,,Có,Cao,Không,
,CSDL Giám sát bệnh không lây nhiễm & rối loạn tâm thần,kln_lan_kham_copd_hpq,--- Bang: kln_lan_kham_copd_hpq ---,,,,,,,,,,,,Mẫu sổ 02 - Phụ lục II QĐ97; Mẫu báo cáo 01 mục 3 PL II
250,CSDL Giám sát bệnh không lây nhiễm & rối loạn tâm thần,kln_lan_kham_copd_hpq,Mã định danh,id,Khoá chính,Số,,PK,Có,Không,,Không,,Không,
251,CSDL Giám sát bệnh không lây nhiễm & rối loạn tâm thần,kln_lan_kham_copd_hpq,Người bệnh,nguoi_benh_id,Tham chiếu kln_nguoi_benh,Số,,FK,Có,Không,,Không,,Không,
252,CSDL Giám sát bệnh không lây nhiễm & rối loạn tâm thần,kln_lan_kham_copd_hpq,Tháng,thang,1-12,Số,,Không,Có,Không,,Không,,Không,
253,CSDL Giám sát bệnh không lây nhiễm & rối loạn tâm thần,kln_lan_kham_copd_hpq,CSYT quản lý,csyt_quan_ly_id,Tham chiếu dm_don_vi,Số,,FK,Có,Không,,Không,,Không,
254,CSDL Giám sát bệnh không lây nhiễm & rối loạn tâm thần,kln_lan_kham_copd_hpq,Ngày khám,ngay_kham,,Ngày,,Không,Có,Không,,Không,,Không,
255,CSDL Giám sát bệnh không lây nhiễm & rối loạn tâm thần,kln_lan_kham_copd_hpq,Nơi khám,noi_kham_id,Tham chiếu dm_don_vi,Số,,FK,Có,Không,,Không,,Không,
256,CSDL Giám sát bệnh không lây nhiễm & rối loạn tâm thần,kln_lan_kham_copd_hpq,Lưu lượng đỉnh hoặc FEV1,luu_luong_dinh_hoac_fev1,1=tốt; 2=trung bình; 3=kém,Số,,Không,Có,Không,1; 2; 3,Không,,Không,
257,CSDL Giám sát bệnh không lây nhiễm & rối loạn tâm thần,kln_lan_kham_copd_hpq,Kết quả điều trị COPD,ket_qua_dieu_tri_copd,0=không đạt; 1=đạt mục tiêu,Số,,Không,Không,Không,0; 1,Không,,Không,
258,CSDL Giám sát bệnh không lây nhiễm & rối loạn tâm thần,kln_lan_kham_copd_hpq,Kết quả điều trị hen phế quản,ket_qua_dieu_tri_hpq,0=không kiểm soát; 1=một phần; 2=đạt mục tiêu,Số,,Không,Không,Không,0; 1; 2,Không,,Không,
259,CSDL Giám sát bệnh không lây nhiễm & rối loạn tâm thần,kln_lan_kham_copd_hpq,Thuốc,thuoc,,Text,300,Không,Không,Không,,Có,Cao,Không,
,CSDL Giám sát bệnh không lây nhiễm & rối loạn tâm thần,kln_lan_kham_tam_than,--- Bang: kln_lan_kham_tam_than ---,,,,,,,,,,,,Mẫu sổ 03 - Phụ lục II QĐ97; Mẫu báo cáo 01 mục 4 PL II
260,CSDL Giám sát bệnh không lây nhiễm & rối loạn tâm thần,kln_lan_kham_tam_than,Mã định danh,id,Khoá chính,Số,,PK,Có,Không,,Không,,Không,
261,CSDL Giám sát bệnh không lây nhiễm & rối loạn tâm thần,kln_lan_kham_tam_than,Người bệnh,nguoi_benh_id,Tham chiếu kln_nguoi_benh,Số,,FK,Có,Không,,Không,,Không,
262,CSDL Giám sát bệnh không lây nhiễm & rối loạn tâm thần,kln_lan_kham_tam_than,Tháng,thang,1-12,Số,,Không,Có,Không,,Không,,Không,
263,CSDL Giám sát bệnh không lây nhiễm & rối loạn tâm thần,kln_lan_kham_tam_than,CSYT quản lý,csyt_quan_ly_id,Tham chiếu dm_don_vi,Số,,FK,Có,Không,,Không,,Không,
264,CSDL Giám sát bệnh không lây nhiễm & rối loạn tâm thần,kln_lan_kham_tam_than,Ngày khám,ngay_kham,,Ngày,,Không,Có,Không,,Không,,Không,
265,CSDL Giám sát bệnh không lây nhiễm & rối loạn tâm thần,kln_lan_kham_tam_than,Nơi khám,noi_kham_id,Tham chiếu dm_don_vi,Số,,FK,Có,Không,,Không,,Không,
266,CSDL Giám sát bệnh không lây nhiễm & rối loạn tâm thần,kln_lan_kham_tam_than,Thuốc điều trị,thuoc_dieu_tri,,Text,300,Không,Không,Không,,Có,Cao,Không,
267,CSDL Giám sát bệnh không lây nhiễm & rối loạn tâm thần,kln_lan_kham_tam_than,Phục hồi chức năng,phuc_hoi_chuc_nang,K=kém; TB=trung bình; T=tốt,Text,2,Không,Có,Không,K; TB; T,Không,,Không,
,CSDL Giám sát bệnh không lây nhiễm & rối loạn tâm thần,kln_nguoi_nguy_co_kln,--- Bang: kln_nguoi_nguy_co_kln ---,,,,,,,,,,,,Mẫu sổ 05 - Phụ lục II QĐ97
268,CSDL Giám sát bệnh không lây nhiễm & rối loạn tâm thần,kln_nguoi_nguy_co_kln,Mã định danh,id,Khoá chính,Số,,PK,Có,Không,,Không,,Không,
269,CSDL Giám sát bệnh không lây nhiễm & rối loạn tâm thần,kln_nguoi_nguy_co_kln,Cá nhân,nguoi_id,Tham chiếu bảng nguoi,Số,,FK,Có,Không,,Không,,Không,
270,CSDL Giám sát bệnh không lây nhiễm & rối loạn tâm thần,kln_nguoi_nguy_co_kln,Ngày khám,ngay_kham,,Ngày,,Không,Có,Không,,Không,,Không,
271,CSDL Giám sát bệnh không lây nhiễm & rối loạn tâm thần,kln_nguoi_nguy_co_kln,Nơi khám,noi_kham_id,Tham chiếu dm_don_vi,Số,,FK,Có,Không,,Không,,Không,
272,CSDL Giám sát bệnh không lây nhiễm & rối loạn tâm thần,kln_nguoi_nguy_co_kln,Chỉ số đường máu,chi_so_duong_mau,mmol/l,Số,,Không,Không,Không,,Không,,Không,
273,CSDL Giám sát bệnh không lây nhiễm & rối loạn tâm thần,kln_nguoi_nguy_co_kln,Chỉ số lưu lượng đỉnh hoặc FEV1,chi_so_luu_luong_dinh_fev1,So với giá trị lý thuyết,Số,,Không,Không,Không,,Không,,Không,
274,CSDL Giám sát bệnh không lây nhiễm & rối loạn tâm thần,kln_nguoi_nguy_co_kln,Kết quả đo điện tâm đồ,ket_qua_dien_tam_do,1=có rung nhĩ,Số,,Không,Không,Không,1,Không,,Không,
275,CSDL Giám sát bệnh không lây nhiễm & rối loạn tâm thần,kln_nguoi_nguy_co_kln,Kết quả VIA,ket_qua_via,1=dương tính; 0=âm tính,Số,,Không,Không,Không,0; 1,Không,,Không,
276,CSDL Giám sát bệnh không lây nhiễm & rối loạn tâm thần,kln_nguoi_nguy_co_kln,Ghi chú,ghi_chu,,Text,300,Không,Không,Không,,Không,,Không,
,CSDL Giám sát bệnh không lây nhiễm & rối loạn tâm thần,kln_nguoi_nguy_co_tam_than,--- Bang: kln_nguoi_nguy_co_tam_than ---,,,,,,,,,,,,Mẫu sổ 06 - Phụ lục II QĐ97
277,CSDL Giám sát bệnh không lây nhiễm & rối loạn tâm thần,kln_nguoi_nguy_co_tam_than,Mã định danh,id,Khoá chính,Số,,PK,Có,Không,,Không,,Không,
278,CSDL Giám sát bệnh không lây nhiễm & rối loạn tâm thần,kln_nguoi_nguy_co_tam_than,Cá nhân,nguoi_id,Tham chiếu bảng nguoi,Số,,FK,Có,Không,,Không,,Không,
279,CSDL Giám sát bệnh không lây nhiễm & rối loạn tâm thần,kln_nguoi_nguy_co_tam_than,Ngày khám,ngay_kham,,Ngày,,Không,Có,Không,,Không,,Không,
280,CSDL Giám sát bệnh không lây nhiễm & rối loạn tâm thần,kln_nguoi_nguy_co_tam_than,Nơi khám,noi_kham_id,Tham chiếu dm_don_vi,Số,,FK,Có,Không,,Không,,Không,
281,CSDL Giám sát bệnh không lây nhiễm & rối loạn tâm thần,kln_nguoi_nguy_co_tam_than,Kết quả trắc nghiệm - tâm thần phân liệt,ket_qua_tam_than_phan_liet,,Text,100,Không,Không,Không,,Có,Cao,Không,
282,CSDL Giám sát bệnh không lây nhiễm & rối loạn tâm thần,kln_nguoi_nguy_co_tam_than,Kết quả trắc nghiệm - rối loạn trầm cảm,ket_qua_roi_loan_tram_cam,,Text,100,Không,Không,Không,,Có,Cao,Không,
283,CSDL Giám sát bệnh không lây nhiễm & rối loạn tâm thần,kln_nguoi_nguy_co_tam_than,Kết quả trắc nghiệm - sa sút trí tuệ,ket_qua_sa_sut_tri_tue,,Text,100,Không,Không,Không,,Có,Cao,Không,
284,CSDL Giám sát bệnh không lây nhiễm & rối loạn tâm thần,kln_nguoi_nguy_co_tam_than,Biện pháp can thiệp,bien_phap_can_thiep,,Text,300,Không,Không,Không,,Không,,Không,
,CSDL Giám sát bệnh không lây nhiễm & rối loạn tâm thần,bc_kln_snapshot,--- Bang: bc_kln_snapshot ---,,,,,,,,,,,,"[Đề xuất kỹ thuật] Mẫu 01-08 - Phụ lục II QĐ97 — lưu bản chốt số liệu đã báo cáo, phục vụ đối chiếu"
285,CSDL Giám sát bệnh không lây nhiễm & rối loạn tâm thần,bc_kln_snapshot,Mã định danh,id,Khoá chính,Số,,PK,Có,Không,,Không,,Không,
286,CSDL Giám sát bệnh không lây nhiễm & rối loạn tâm thần,bc_kln_snapshot,Mẫu báo cáo,mau_bao_cao,01..08,Text,10,Không,Có,Không,,Không,,Không,
287,CSDL Giám sát bệnh không lây nhiễm & rối loạn tâm thần,bc_kln_snapshot,Đơn vị báo cáo,don_vi_bao_cao_id,Tham chiếu dm_don_vi,Số,,FK,Có,Không,,Không,,Không,
288,CSDL Giám sát bệnh không lây nhiễm & rối loạn tâm thần,bc_kln_snapshot,Kỳ báo cáo,ky_bao_cao_id,Tham chiếu dm_ky_bao_cao,Số,,FK,Có,Không,,Không,,Không,
289,CSDL Giám sát bệnh không lây nhiễm & rối loạn tâm thần,bc_kln_snapshot,Năm,nam,,Số,,Không,Có,Không,,Không,,Không,
290,CSDL Giám sát bệnh không lây nhiễm & rối loạn tâm thần,bc_kln_snapshot,Tháng,thang,,Số,,Không,Không,Không,,Không,,Không,
291,CSDL Giám sát bệnh không lây nhiễm & rối loạn tâm thần,bc_kln_snapshot,Dữ liệu chi tiết,du_lieu_json,Bản chốt số liệu đã gửi (JSON),Text (JSON),,Không,Không,Không,,Không,,Không,
,CSDL Giám sát dinh dưỡng trong phòng bệnh,dd_doi_tuong_dinh_duong,--- Bang: dd_doi_tuong_dinh_duong ---,,,,,,,,,,,,Mẫu 01 - Phụ lục III QĐ97; khoản 3 Điều 46 TT15
292,CSDL Giám sát dinh dưỡng trong phòng bệnh,dd_doi_tuong_dinh_duong,Mã định danh,id,Khoá chính,Số,,PK,Có,Không,,Không,,Không,
293,CSDL Giám sát dinh dưỡng trong phòng bệnh,dd_doi_tuong_dinh_duong,Cá nhân,nguoi_id,Tham chiếu bảng nguoi,Số,,FK,Có,Không,,Không,,Không,
294,CSDL Giám sát dinh dưỡng trong phòng bệnh,dd_doi_tuong_dinh_duong,Ngày khám,ngay_kham,,Ngày,,Không,Có,Không,,Không,,Không,
295,CSDL Giám sát dinh dưỡng trong phòng bệnh,dd_doi_tuong_dinh_duong,Nơi khám,noi_kham_id,Tham chiếu dm_don_vi,Số,,FK,Không,Không,,Không,,Không,
296,CSDL Giám sát dinh dưỡng trong phòng bệnh,dd_doi_tuong_dinh_duong,Chiều cao (cm),chieu_cao_cm,1 số thập phân,Số,,Không,Không,Không,,Không,,Không,
297,CSDL Giám sát dinh dưỡng trong phòng bệnh,dd_doi_tuong_dinh_duong,Cân nặng (kg),can_nang_kg,1 số thập phân,Số,,Không,Không,Không,,Không,,Không,
298,CSDL Giám sát dinh dưỡng trong phòng bệnh,dd_doi_tuong_dinh_duong,Tình trạng dinh dưỡng,tinh_trang_dinh_duong,,Text,30,Không,Có,Không,binh_thuong; nhe_can; gay_com; thap_coi; thua_can; beo_phi; thieu_nang_luong_truong_dien,Không,,Không,
299,CSDL Giám sát dinh dưỡng trong phòng bệnh,dd_doi_tuong_dinh_duong,Dấu hiệu thiếu vi chất,dau_hieu_thieu_vi_chat,"Da xanh, móng giòn, tóc khô, đổ mồ hôi trộm, ngủ không sâu...",Text,500,Không,Không,Không,,Không,,Không,
300,CSDL Giám sát dinh dưỡng trong phòng bệnh,dd_doi_tuong_dinh_duong,Chỉ định,chi_dinh,Chế độ ăn hoặc chuyển khám chuyên sâu,Text,500,Không,Không,Không,,Không,,Không,
301,CSDL Giám sát dinh dưỡng trong phòng bệnh,dd_doi_tuong_dinh_duong,Năm theo dõi,nam_theo_doi,,Số,,Không,Có,Không,,Không,,Không,
,CSDL Giám sát dinh dưỡng trong phòng bệnh,dd_tre_sdd_cap_tinh,--- Bang: dd_tre_sdd_cap_tinh ---,,,,,,,,,,,,Mẫu 02 - Phụ lục III QĐ97; khoản 4 Điều 47 TT15
302,CSDL Giám sát dinh dưỡng trong phòng bệnh,dd_tre_sdd_cap_tinh,Mã định danh,id,Khoá chính,Số,,PK,Có,Không,,Không,,Không,
303,CSDL Giám sát dinh dưỡng trong phòng bệnh,dd_tre_sdd_cap_tinh,Cá nhân (trẻ),nguoi_id,Tham chiếu bảng nguoi (trẻ 6-59 tháng),Số,,FK,Có,Không,,Không,,Không,
304,CSDL Giám sát dinh dưỡng trong phòng bệnh,dd_tre_sdd_cap_tinh,Tháng/năm theo dõi,thang_nam_theo_doi,yyyy-mm,Text,7,Không,Có,Không,,Không,,Không,
305,CSDL Giám sát dinh dưỡng trong phòng bệnh,dd_tre_sdd_cap_tinh,Ngày khám,ngay_kham,,Ngày,,Không,Không,Không,,Không,,Không,
306,CSDL Giám sát dinh dưỡng trong phòng bệnh,dd_tre_sdd_cap_tinh,Nơi khám,noi_kham_id,Tham chiếu dm_don_vi,Số,,FK,Không,Không,,Không,,Không,
307,CSDL Giám sát dinh dưỡng trong phòng bệnh,dd_tre_sdd_cap_tinh,Chiều cao (cm),chieu_cao_cm,,Số,,Không,Không,Không,,Không,,Không,
308,CSDL Giám sát dinh dưỡng trong phòng bệnh,dd_tre_sdd_cap_tinh,Cân nặng (kg),can_nang_kg,,Số,,Không,Không,Không,,Không,,Không,
309,CSDL Giám sát dinh dưỡng trong phòng bệnh,dd_tre_sdd_cap_tinh,Chu vi vòng cánh tay (cm),chu_vi_vong_canh_tay_cm,,Số,,Không,Không,Không,,Không,,Không,
310,CSDL Giám sát dinh dưỡng trong phòng bệnh,dd_tre_sdd_cap_tinh,Dấu hiệu phù,dau_hieu_phu,,Bool,,Không,Không,Không,,Không,,Không,
311,CSDL Giám sát dinh dưỡng trong phòng bệnh,dd_tre_sdd_cap_tinh,Mức độ SDD cấp tính,muc_do_sdd_cap_tinh,,Text,20,Không,Không,Không,vua; nang; co_bien_chung,Không,,Không,
312,CSDL Giám sát dinh dưỡng trong phòng bệnh,dd_tre_sdd_cap_tinh,Loại hình quản lý,loai_hinh_quan_ly,,Text,30,Không,Không,Không,dieu_tri_ngoai_tru; dieu_tri_du_phong; chuyen_noi_tru; xuat_khoi_chuong_trinh,Không,,Không,
,CSDL Giám sát dinh dưỡng trong phòng bệnh,dm_chi_tieu_dinh_duong,--- Bang: dm_chi_tieu_dinh_duong ---,,,,,,,,,,,,Mẫu 03-08 - Phụ lục III QĐ97 (báo cáo 6 tháng/năm cấp xã & tỉnh; điều tra định kỳ hằng năm/5 năm) — quản lý theo mô hình chỉ tiêu thống kê (Phần E)
313,CSDL Giám sát dinh dưỡng trong phòng bệnh,dm_chi_tieu_dinh_duong,Mã định danh,id,Khoá chính,Số,,PK,Có,Không,,Không,,Không,
314,CSDL Giám sát dinh dưỡng trong phòng bệnh,dm_chi_tieu_dinh_duong,Mã chỉ tiêu,ma_chi_tieu,,Text,30,Không,Có,Không,,Không,,Không,
315,CSDL Giám sát dinh dưỡng trong phòng bệnh,dm_chi_tieu_dinh_duong,Tên chỉ tiêu,ten_chi_tieu,"vd tỷ lệ suy dinh dưỡng thấp còi/nhẹ cân/gầy còm/thừa cân/béo phì theo nhóm tuổi, giới, khu vực; tỷ lệ bú sớm; bú mẹ hoàn toàn; vi chất...",Text,500,Không,Có,Không,,Không,,Không,
316,CSDL Giám sát dinh dưỡng trong phòng bệnh,dm_chi_tieu_dinh_duong,Mẫu báo cáo,mau_bao_cao,,Text,20,Không,Có,Không,PL_III_M03; PL_III_M04; PL_III_M05; PL_III_M06; PL_III_M07; PL_III_M08,Không,,Không,
,CSDL Giám sát thương tích tại cộng đồng,tt_nguoi_bi_thuong_tich,--- Bang: tt_nguoi_bi_thuong_tich ---,,,,,,,,,,,,"Gộp Mẫu 01 (TYT xã), Mẫu 02 (CSKCB) - Phụ lục IV QĐ97; Điều 49 TT15"
317,CSDL Giám sát thương tích tại cộng đồng,tt_nguoi_bi_thuong_tich,Mã định danh,id,Khoá chính,Số,,PK,Có,Không,,Không,,Không,
318,CSDL Giám sát thương tích tại cộng đồng,tt_nguoi_bi_thuong_tich,Cá nhân,nguoi_id,Tham chiếu bảng nguoi,Số,,FK,Có,Không,,Không,,Không,
319,CSDL Giám sát thương tích tại cộng đồng,tt_nguoi_bi_thuong_tich,Đơn vị ghi nhận,don_vi_ghi_nhan_id,TYT xã hoặc CSKCB,Số,,FK,Có,Không,,Không,,Không,
320,CSDL Giám sát thương tích tại cộng đồng,tt_nguoi_bi_thuong_tich,Ngày đến khám,ngay_den_kham,,Ngày,,Không,Có,Không,,Không,,Không,
321,CSDL Giám sát thương tích tại cộng đồng,tt_nguoi_bi_thuong_tich,Thời gian bị thương tích,thoi_gian_bi_thuong_tich,,Ngày,,Không,Không,Không,,Không,,Không,
322,CSDL Giám sát thương tích tại cộng đồng,tt_nguoi_bi_thuong_tich,Địa điểm xảy ra,dia_diem_xay_ra_id,Tham chiếu dm_dia_diem_xay_ra_thuong_tich,Số,,FK,Có,Không,,Không,,Không,
323,CSDL Giám sát thương tích tại cộng đồng,tt_nguoi_bi_thuong_tich,Bộ phận bị thương,bo_phan_bi_thuong_id,Tham chiếu dm_bo_phan_bi_thuong,Số,,FK,Có,Không,,Không,,Không,
324,CSDL Giám sát thương tích tại cộng đồng,tt_nguoi_bi_thuong_tich,Nguyên nhân,nguyen_nhan_id,Tham chiếu dm_nguyen_nhan_thuong_tich (1/13),Số,,FK,Có,Không,,Không,,Không,
325,CSDL Giám sát thương tích tại cộng đồng,tt_nguoi_bi_thuong_tich,Mức độ,muc_do_id,Tham chiếu dm_muc_do_thuong_tich,Số,,FK,Có,Không,,Không,,Không,
326,CSDL Giám sát thương tích tại cộng đồng,tt_nguoi_bi_thuong_tich,Hình thức vào viện,hinh_thuc_vao_vien,Chỉ CSKCB,Text,20,Không,Không,Không,cap_cuu; kham_thuong; chuyen_cap_chuyen_mon,Không,,Không,
327,CSDL Giám sát thương tích tại cộng đồng,tt_nguoi_bi_thuong_tich,Kết quả điều trị,ket_qua_dieu_tri,,Text,20,Không,Có,Không,ra_vien; chuyen_cap_chuyen_mon; nang_xin_ve,Không,,Không,
,CSDL Giám sát thương tích tại cộng đồng,tt_nguoi_tu_vong_thuong_tich,--- Bang: tt_nguoi_tu_vong_thuong_tich ---,,,,,,,,,,,,Mẫu 09 - Phụ lục IV QĐ97; Điều 50 TT15
328,CSDL Giám sát thương tích tại cộng đồng,tt_nguoi_tu_vong_thuong_tich,Mã định danh,id,Khoá chính,Số,,PK,Có,Không,,Không,,Không,
329,CSDL Giám sát thương tích tại cộng đồng,tt_nguoi_tu_vong_thuong_tich,Cá nhân,nguoi_id,Tham chiếu bảng nguoi,Số,,FK,Có,Không,,Không,,Không,
330,CSDL Giám sát thương tích tại cộng đồng,tt_nguoi_tu_vong_thuong_tich,Đơn vị ghi nhận,don_vi_ghi_nhan_id,,Số,,FK,Có,Không,,Không,,Không,
331,CSDL Giám sát thương tích tại cộng đồng,tt_nguoi_tu_vong_thuong_tich,Nguyên nhân,nguyen_nhan_id,Tham chiếu dm_nguyen_nhan_thuong_tich,Số,,FK,Có,Không,,Không,,Không,
332,CSDL Giám sát thương tích tại cộng đồng,tt_nguoi_tu_vong_thuong_tich,Nơi tử vong,noi_tu_vong,,Text,20,Không,Có,Không,co_so_y_te; cong_dong,Không,,Không,
333,CSDL Giám sát thương tích tại cộng đồng,tt_nguoi_tu_vong_thuong_tich,Ngày tử vong,ngay_tu_vong,,Ngày,,Không,Có,Không,,Không,,Không,
334,CSDL Giám sát thương tích tại cộng đồng,tt_nguoi_tu_vong_thuong_tich,Đã khám/điều trị trong 30 ngày trước tử vong,kham_dieu_tri_truoc_tu_vong_30_ngay,Điều 48.1b,Bool,,Không,Không,Không,,Không,,Không,
,CSDL Giám sát thương tích tại cộng đồng,tt_yeu_to_nguy_co,--- Bang: tt_yeu_to_nguy_co ---,,,,,,,,,,,,"Gộp Mẫu 03 (hộ gia đình), 04 (khu vực công cộng), 05 (cơ sở giáo dục) - Phụ lục IV QĐ97; Điều 51 TT15"
335,CSDL Giám sát thương tích tại cộng đồng,tt_yeu_to_nguy_co,Mã định danh,id,Khoá chính,Số,,PK,Có,Không,,Không,,Không,
336,CSDL Giám sát thương tích tại cộng đồng,tt_yeu_to_nguy_co,Loại địa điểm,loai_dia_diem,,Text,20,Không,Có,Không,ho_gia_dinh; khu_vuc_cong_cong; co_so_giao_duc,Không,,Không,
337,CSDL Giám sát thương tích tại cộng đồng,tt_yeu_to_nguy_co,Tên địa điểm,ten_dia_diem,Tên chủ hộ/tên khu vực/tên cơ sở giáo dục,Text,300,Không,Không,Không,,Không,,Không,
338,CSDL Giám sát thương tích tại cộng đồng,tt_yeu_to_nguy_co,Địa chỉ,dia_chi,,Text,500,Không,Có,Không,,Không,,Không,
339,CSDL Giám sát thương tích tại cộng đồng,tt_yeu_to_nguy_co,Đơn vị giám sát,don_vi_giam_sat_id,Tham chiếu dm_don_vi,Số,,FK,Có,Không,,Không,,Không,
340,CSDL Giám sát thương tích tại cộng đồng,tt_yeu_to_nguy_co,Ngày giám sát,ngay_giam_sat,,Ngày,,Không,Có,Không,,Không,,Không,
341,CSDL Giám sát thương tích tại cộng đồng,tt_yeu_to_nguy_co,Nhóm yếu tố,nhom_yeu_to,,Text,20,Không,Có,Không,moi_truong; hanh_vi; khac,Không,,Không,
342,CSDL Giám sát thương tích tại cộng đồng,tt_yeu_to_nguy_co,Nội dung,noi_dung,Có thể tham chiếu dm_yeu_to_nguy_co_thuong_tich_mau hoặc nhập tự do,Text,500,Không,Có,Không,,Không,,Không,
343,CSDL Giám sát thương tích tại cộng đồng,tt_yeu_to_nguy_co,Kết quả,ket_qua,,Text,10,Không,Không,Không,co; khong,Không,,Không,
344,CSDL Giám sát thương tích tại cộng đồng,tt_yeu_to_nguy_co,Đã hướng dẫn can thiệp,da_huong_dan_can_thiep,,Bool,,Không,Không,Không,,Không,,Không,
,CSDL Giám sát thương tích tại cộng đồng,tt_yeu_to_nguy_co_nhan_xet,--- Bang: tt_yeu_to_nguy_co_nhan_xet ---,,,,,,,,,,,,Mục 'Nhận xét' cuối Mẫu 03/04/05 - Phụ lục IV QĐ97
345,CSDL Giám sát thương tích tại cộng đồng,tt_yeu_to_nguy_co_nhan_xet,Giám sát,giam_sat_id,Tham chiếu tt_yeu_to_nguy_co (PK),Số,,"PK, FK",Có,Không,,Không,,Không,
346,CSDL Giám sát thương tích tại cộng đồng,tt_yeu_to_nguy_co_nhan_xet,Tổng số yếu tố phát hiện,tong_so_yeu_to_phat_hien,,Số,,Không,Không,Không,,Không,,Không,
347,CSDL Giám sát thương tích tại cộng đồng,tt_yeu_to_nguy_co_nhan_xet,Số yếu tố môi trường,so_moi_truong,,Số,,Không,Không,Không,,Không,,Không,
348,CSDL Giám sát thương tích tại cộng đồng,tt_yeu_to_nguy_co_nhan_xet,Số yếu tố hành vi,so_hanh_vi,,Số,,Không,Không,Không,,Không,,Không,
349,CSDL Giám sát thương tích tại cộng đồng,tt_yeu_to_nguy_co_nhan_xet,Số yếu tố khác,so_khac,,Số,,Không,Không,Không,,Không,,Không,
350,CSDL Giám sát thương tích tại cộng đồng,tt_yeu_to_nguy_co_nhan_xet,Số đã can thiệp - môi trường,so_da_can_thiep_moi_truong,,Số,,Không,Không,Không,,Không,,Không,
351,CSDL Giám sát thương tích tại cộng đồng,tt_yeu_to_nguy_co_nhan_xet,Số đã can thiệp - hành vi,so_da_can_thiep_hanh_vi,,Số,,Không,Không,Không,,Không,,Không,
352,CSDL Giám sát thương tích tại cộng đồng,tt_yeu_to_nguy_co_nhan_xet,Số đã can thiệp - khác,so_da_can_thiep_khac,,Số,,Không,Không,Không,,Không,,Không,
353,CSDL Giám sát thương tích tại cộng đồng,tt_yeu_to_nguy_co_nhan_xet,Loại hình nguy cơ cao nhất,loai_hinh_nguy_co_cao_nhat,,Text,100,Không,Không,Không,,Không,,Không,
,CSDL Giám sát thương tích tại cộng đồng,dm_chi_tieu_thuong_tich,--- Bang: dm_chi_tieu_thuong_tich ---,,,,,,,,,,,,"Mẫu 08 (TYT xã), 10 (CSKCB), 11 (TTKSBT tỉnh), 12 (tử vong cấp tỉnh), 13 (Viện SKNN&MT toàn quốc) - Phụ lục IV QĐ97 — nên triển khai bằng VIEW/aggregation trên tt_nguoi_bi_thuong_tich/tt_nguoi_tu_vong_thuong_tich/tt_yeu_to_nguy_co"
354,CSDL Giám sát thương tích tại cộng đồng,dm_chi_tieu_thuong_tich,Mã định danh,id,Khoá chính,Số,,PK,Có,Không,,Không,,Không,
355,CSDL Giám sát thương tích tại cộng đồng,dm_chi_tieu_thuong_tich,Mã chỉ tiêu,ma_chi_tieu,,Text,30,Không,Có,Không,,Không,,Không,
356,CSDL Giám sát thương tích tại cộng đồng,dm_chi_tieu_thuong_tich,Tên chỉ tiêu,ten_chi_tieu,Phân tổ theo nhóm tuổi × giới × nghề nghiệp × địa điểm × bộ phận × nguyên nhân × mức độ × kết quả điều trị,Text,500,Không,Có,Không,,Không,,Không,
357,CSDL Giám sát thương tích tại cộng đồng,dm_chi_tieu_thuong_tich,Mẫu báo cáo,mau_bao_cao,,Text,20,Không,Có,Không,PL_IV_M08; PL_IV_M10; PL_IV_M11; PL_IV_M12; PL_IV_M13,Không,,Không,
,CSDL Báo cáo - thống kê dùng chung,dm_chi_tieu,--- Bang: dm_chi_tieu ---,,,,,,,,,,,,[Đề xuất kỹ thuật] Danh mục chỉ tiêu ánh xạ 1-1 tới từng dòng trong các Mẫu báo cáo tổng hợp QĐ97
358,CSDL Báo cáo - thống kê dùng chung,dm_chi_tieu,Mã định danh,id,Khoá chính,Số,,PK,Có,Không,,Không,,Không,
359,CSDL Báo cáo - thống kê dùng chung,dm_chi_tieu,Mã chỉ tiêu,ma_chi_tieu,"vd TT_5.3_DUOI_NUOC, KLN_I.1_THA_KHAM_12T",Text,30,Không,Có,Không,,Không,,Không,
360,CSDL Báo cáo - thống kê dùng chung,dm_chi_tieu,Tên chỉ tiêu,ten_chi_tieu,Nguyên văn dòng chỉ tiêu trong mẫu báo cáo giấy,Text,500,Không,Có,Không,,Không,,Không,
361,CSDL Báo cáo - thống kê dùng chung,dm_chi_tieu,Mẫu báo cáo,mau_bao_cao,"vd PL_II_M02, PL_IV_M08",Text,20,Không,Có,Không,,Không,,Không,
362,CSDL Báo cáo - thống kê dùng chung,dm_chi_tieu,Lĩnh vực,linh_vuc,,Text,20,Không,Có,Không,benh_truyen_nhiem; khong_lay_nhiem; roi_loan_tam_than; dinh_duong; thuong_tich,Không,,Không,
363,CSDL Báo cáo - thống kê dùng chung,dm_chi_tieu,Đơn vị tính,don_vi_tinh,,Text,20,Không,Có,Không,nguoi; %; ca; lan...,Không,,Không,
364,CSDL Báo cáo - thống kê dùng chung,dm_chi_tieu,Công thức tính,cong_thuc,Nếu là chỉ tiêu tỷ lệ,Text,500,Không,Không,Không,,Không,,Không,
,CSDL Báo cáo - thống kê dùng chung,bc_chi_tieu_thong_ke,--- Bang: bc_chi_tieu_thong_ke ---,,,,,,,,,,,,[Đề xuất kỹ thuật] Fact-table dùng chung thay thế ~25 bảng báo cáo tổng hợp gần giống nhau trong QĐ97
365,CSDL Báo cáo - thống kê dùng chung,bc_chi_tieu_thong_ke,Mã định danh,id,Khoá chính,Số,,PK,Có,Không,,Không,,Không,
366,CSDL Báo cáo - thống kê dùng chung,bc_chi_tieu_thong_ke,Chỉ tiêu,chi_tieu_id,Tham chiếu dm_chi_tieu,Số,,FK,Có,Không,,Không,,Không,
367,CSDL Báo cáo - thống kê dùng chung,bc_chi_tieu_thong_ke,Đơn vị báo cáo,don_vi_bao_cao_id,Tham chiếu dm_don_vi,Số,,FK,Có,Không,,Không,,Không,
368,CSDL Báo cáo - thống kê dùng chung,bc_chi_tieu_thong_ke,Kỳ báo cáo,ky_bao_cao,,Text,10,Không,Có,Không,thang; 6thang; nam; 5nam; dot_xuat,Không,,Không,
369,CSDL Báo cáo - thống kê dùng chung,bc_chi_tieu_thong_ke,Năm,nam,,Số,,Không,Có,Không,,Không,,Không,
370,CSDL Báo cáo - thống kê dùng chung,bc_chi_tieu_thong_ke,Tháng,thang,NULL nếu kỳ khác tháng,Số,,Không,Không,Không,,Không,,Không,
371,CSDL Báo cáo - thống kê dùng chung,bc_chi_tieu_thong_ke,Phân tổ giới tính,phan_to_gioi_tinh,,Text,10,Không,Không,Không,nam; nu; chung,Không,,Không,
372,CSDL Báo cáo - thống kê dùng chung,bc_chi_tieu_thong_ke,Phân tổ nhóm tuổi,phan_to_nhom_tuoi,"vd 0-4, 5-15, 16-19, 20-60, >60 (thương tích) hoặc 0-59thang, 5-18, 19-59, >=60 (dinh dưỡng)",Text,20,Không,Không,Không,,Không,,Không,
373,CSDL Báo cáo - thống kê dùng chung,bc_chi_tieu_thong_ke,Phân tổ khác,phan_to_khac,"vd tuyến, khu vực, mức độ",Text,100,Không,Không,Không,,Không,,Không,
374,CSDL Báo cáo - thống kê dùng chung,bc_chi_tieu_thong_ke,Giá trị số lượng,gia_tri_so_luong,,Số,,Không,Không,Không,,Không,,Không,
375,CSDL Báo cáo - thống kê dùng chung,bc_chi_tieu_thong_ke,Giá trị tỷ lệ,gia_tri_ty_le,,Số,,Không,Không,Không,,Không,,Không,
376,CSDL Báo cáo - thống kê dùng chung,bc_chi_tieu_thong_ke,Nguồn tính toán,nguon_tinh_toan,,Text,30,Không,Có,Không,tu_dong_tu_du_lieu_tac_nghiep; nhap_thu_cong,Không,,Không,
377,CSDL Báo cáo - thống kê dùng chung,bc_chi_tieu_thong_ke,Ngày chốt số liệu,ngay_chot_so_lieu,,Ngày,,Không,Có,Không,,Không,,Không,
378,CSDL Báo cáo - thống kê dùng chung,bc_chi_tieu_thong_ke,Trạng thái gửi,trang_thai_gui,,Text,20,Không,Có,Không,nhap; da_gui; da_duyet; tra_lai,Không,,Không,
,CSDL Báo cáo - thống kê dùng chung,bc_luong_bao_cao,--- Bang: bc_luong_bao_cao ---,,,,,,,,,,,,"[Đề xuất kỹ thuật] Giám sát tuân thủ thời hạn báo cáo theo Điều 10, 11, 26, 33, 40, 46, 47, 53 TT15 — phục vụ tính chỉ tiêu 'tỷ lệ đơn vị gửi đúng hạn' (Mẫu 13 PL IV mục I.1)"
379,CSDL Báo cáo - thống kê dùng chung,bc_luong_bao_cao,Mã định danh,id,Khoá chính,Số,,PK,Có,Không,,Không,,Không,
380,CSDL Báo cáo - thống kê dùng chung,bc_luong_bao_cao,Đơn vị gửi,don_vi_gui_id,Tham chiếu dm_don_vi,Số,,FK,Có,Không,,Không,,Không,
381,CSDL Báo cáo - thống kê dùng chung,bc_luong_bao_cao,Đơn vị nhận,don_vi_nhan_id,Tham chiếu dm_don_vi,Số,,FK,Có,Không,,Không,,Không,
382,CSDL Báo cáo - thống kê dùng chung,bc_luong_bao_cao,Lĩnh vực,linh_vuc,,Text,20,Không,Có,Không,benh_truyen_nhiem; khong_lay_nhiem; roi_loan_tam_than; dinh_duong; thuong_tich,Không,,Không,
383,CSDL Báo cáo - thống kê dùng chung,bc_luong_bao_cao,Kỳ báo cáo,ky_bao_cao_id,Tham chiếu dm_ky_bao_cao,Số,,FK,Có,Không,,Không,,Không,
384,CSDL Báo cáo - thống kê dùng chung,bc_luong_bao_cao,Hạn gửi,han_gui,Tính từ ngày kết thúc kỳ báo cáo + số ngày làm việc quy định,Ngày,,Không,Có,Không,,Không,,Không,
385,CSDL Báo cáo - thống kê dùng chung,bc_luong_bao_cao,Ngày gửi thực tế,ngay_gui_thuc_te,,Ngày,,Không,Không,Không,,Không,,Không,
386,CSDL Báo cáo - thống kê dùng chung,bc_luong_bao_cao,Trạng thái,trang_thai,,Text,20,Không,Có,Không,dung_han; tre_han; chua_gui,Không,,Không,
,CSDL Quản trị hệ thống & an toàn dữ liệu,ht_nguoi_dung,--- Bang: ht_nguoi_dung ---,,,,,,,,,,,,"Điều 3.3 TT15 (an toàn thông tin mạng, an ninh mạng, bảo vệ dữ liệu cá nhân)"
387,CSDL Quản trị hệ thống & an toàn dữ liệu,ht_nguoi_dung,Mã định danh,id,Khoá chính,Số,,PK,Có,Không,,Không,,Không,
388,CSDL Quản trị hệ thống & an toàn dữ liệu,ht_nguoi_dung,Họ tên,ho_ten,,Text,200,Không,Có,Không,,Không,,Không,
389,CSDL Quản trị hệ thống & an toàn dữ liệu,ht_nguoi_dung,Mã định danh (tài khoản),ma_dinh_danh,Tên đăng nhập/mã cán bộ,Text,50,Không,Có,Không,,Không,,Không,
390,CSDL Quản trị hệ thống & an toàn dữ liệu,ht_nguoi_dung,Đơn vị công tác,don_vi_id,Tham chiếu dm_don_vi,Số,,FK,Có,Không,,Không,,Không,
,CSDL Quản trị hệ thống & an toàn dữ liệu,ht_vai_tro,--- Bang: ht_vai_tro ---,,,,,,,,,,,,[Đề xuất kỹ thuật] Điều 3.3 TT15
391,CSDL Quản trị hệ thống & an toàn dữ liệu,ht_vai_tro,Mã định danh,id,Khoá chính,Số,,PK,Có,Không,,Không,,Không,
392,CSDL Quản trị hệ thống & an toàn dữ liệu,ht_vai_tro,Tên vai trò,ten_vai_tro,"vd Nhân viên TYT xã, Cán bộ TTKSBT tỉnh, Cán bộ Viện, Cán bộ Cục Phòng bệnh, Quản trị hệ thống",Text,100,Không,Có,Không,,Không,,Không,
,CSDL Quản trị hệ thống & an toàn dữ liệu,ht_phan_quyen,--- Bang: ht_phan_quyen ---,,,,,,,,,,,,[Đề xuất kỹ thuật] Phạm vi dữ liệu giới hạn theo don_vi_id và cấp quản lý trong cây dm_don_vi
393,CSDL Quản trị hệ thống & an toàn dữ liệu,ht_phan_quyen,Mã định danh,id,Khoá chính,Số,,PK,Có,Không,,Không,,Không,
394,CSDL Quản trị hệ thống & an toàn dữ liệu,ht_phan_quyen,Vai trò,vai_tro_id,Tham chiếu ht_vai_tro,Số,,FK,Có,Không,,Không,,Không,
395,CSDL Quản trị hệ thống & an toàn dữ liệu,ht_phan_quyen,Chức năng,chuc_nang,,Text,100,Không,Có,Không,,Không,,Không,
396,CSDL Quản trị hệ thống & an toàn dữ liệu,ht_phan_quyen,Mức độ,muc_do,,Text,10,Không,Có,Không,xem; nhap; sua; duyet; xuat,Không,,Không,
,CSDL Quản trị hệ thống & an toàn dữ liệu,ht_nhat_ky_truy_cap,--- Bang: ht_nhat_ky_truy_cap ---,,,,,,,,,,,,Điều 3.3 TT15 — audit log phục vụ yêu cầu an toàn/an ninh mạng và bảo vệ dữ liệu cá nhân
397,CSDL Quản trị hệ thống & an toàn dữ liệu,ht_nhat_ky_truy_cap,Mã định danh,id,Khoá chính,Số,,PK,Có,Không,,Không,,Không,
398,CSDL Quản trị hệ thống & an toàn dữ liệu,ht_nhat_ky_truy_cap,Người dùng,nguoi_dung_id,Tham chiếu ht_nguoi_dung,Số,,FK,Có,Không,,Không,,Không,
399,CSDL Quản trị hệ thống & an toàn dữ liệu,ht_nhat_ky_truy_cap,Hành động,hanh_dong,,Text,50,Không,Có,Không,,Không,,Không,
400,CSDL Quản trị hệ thống & an toàn dữ liệu,ht_nhat_ky_truy_cap,Đối tượng,doi_tuong,Bảng/bản ghi bị tác động,Text,100,Không,Có,Không,,Không,,Không,
401,CSDL Quản trị hệ thống & an toàn dữ liệu,ht_nhat_ky_truy_cap,Thời gian,thoi_gian,,Ngày,,Không,Có,Không,,Không,,Không,
402,CSDL Quản trị hệ thống & an toàn dữ liệu,ht_nhat_ky_truy_cap,Địa chỉ IP,dia_chi_ip,,Text,45,Không,Không,Không,,Có,Trung bình,Không,
